id,idade,genero,escolaridade,cor_pele,renda_familiar,renda_sabe,pessoas_casa,con_1,con_2,con_3,con_4,con_5,con_6,linguagem_programacao,horas_eletronicos_dia,conhecimento_info_total,scr_itens_casa,suporte_escolar_total,autocons,autogest_mot,cons_soc,tom_dec,mindset_sum,tpcr_total
385,"13,00",#NULL!,2,4,#NULL!,"0,00",2,"1,00","0,00","0,00","1,00","1,00","0,00","0,00","10,00","3,00","9,00","3,33","4,00","4,33","2,83","3,33","4,00","6,00"
403,"11,00",#NULL!,1,2,#NULL!,"0,00",1,"0,00","1,00","0,00","1,00","1,00","0,00","1,00","10,00","4,00","4,00",#NULL!,#NULL!,#NULL!,#NULL!,"3,00","4,75","11,00"
519,"11,00",#NULL!,1,4,#NULL!,"0,00",2,"0,00","0,00","0,00","0,00","1,00","0,00","0,00","10,00","1,00","5,00",#NULL!,"4,00","3,67","3,50","3,33","4,00","4,00"
23,"14,00",#NULL!,4,2,#NULL!,"0,00",3,"0,00","0,00","1,00","1,00","1,00","0,00","0,00","6,00","3,00","16,00",#NULL!,"3,75","3,67","3,33","4,00","5,00","16,00"
347,"11,00",#NULL!,1,2,#NULL!,"0,00",4,"1,00","0,00","0,00","1,00","1,00","0,00","0,00","1,00","3,00","17,00","3,33","4,75","4,33","4,33","3,67","5,00","7,00"
425,"13,00",#NULL!,2,2,#NULL!,"0,00",6,"0,00","1,00","0,00","1,00","1,00","0,00","1,00","10,00","4,00","13,00","3,67","3,50","4,00","3,83","3,67","5,50","6,00"
489,"11,00",#NULL!,1,2,#NULL!,"0,00",1,"1,00","0,00","1,00","1,00","1,00","0,00","1,00",#NULL!,"5,00","6,00","2,33",#NULL!,#NULL!,#NULL!,"1,67",#NULL!,"12,00"
1,"12,00",2,1,6,#NULL!,"0,00",1,"1,00","1,00","1,00","1,00","1,00","1,00","1,00","2,00","7,00","5,00",#NULL!,"4,50","4,33","3,00","3,00","6,25","9,00"
3,"14,00",2,4,5,#NULL!,"0,00",5,"1,00","1,00","1,00","1,00","1,00","0,00",#NULL!,#NULL!,#NULL!,"16,00","2,33","4,50","4,33","3,50","3,33","6,50","16,00"
9,"13,00",2,2,2,#NULL!,"0,00",4,"0,00","0,00","0,00","1,00","1,00","0,00","1,00",#NULL!,"3,00","11,00","3,33",#NULL!,"3,33",#NULL!,#NULL!,#NULL!,#NULL!
15,"12,00",2,1,2,#NULL!,"0,00",3,"1,00","0,00","1,00","1,00","1,00","1,00","0,00","5,00","5,00","19,00","5,00","4,25","5,00","4,00","4,33","5,50","10,00"
16,"11,00",2,1,2,#NULL!,"0,00",4,"0,00","0,00","0,00","1,00","0,00","0,00","0,00","12,00","1,00","20,00",#NULL!,"3,75","4,00","3,17","3,33","4,00",#NULL!
17,"14,00",2,4,2,#NULL!,"0,00",2,"1,00","1,00","1,00","1,00","1,00","0,00","1,00","6,00","6,00","20,00",#NULL!,"4,75","4,33","4,50","4,67","5,75",#NULL!
19,"11,00",2,1,1,#NULL!,"0,00",3,#NULL!,#NULL!,#NULL!,#NULL!,#NULL!,#NULL!,"0,00","1,00",#NULL!,"12,00","1,33",#NULL!,"3,33","4,33","3,33","6,00",#NULL!
27,"11,00",2,1,4,#NULL!,"0,00",4,"0,00","0,00","0,00","1,00","1,00","0,00","0,00","2,00","2,00","9,00",#NULL!,"4,00","4,33","4,17","4,67","6,25",#NULL!
28,"11,00",2,1,6,#NULL!,"0,00",4,#NULL!,#NULL!,#NULL!,#NULL!,#NULL!,#NULL!,"1,00",#NULL!,#NULL!,#NULL!,#NULL!,"4,00",#NULL!,"3,50","3,00","3,75","4,00"
54,"11,00",2,1,2,#NULL!,"0,00",4,"1,00","0,00","1,00","1,00","1,00","0,00","1,00","1,00","5,00","18,00",#NULL!,"4,50","4,00","3,83","4,00","4,00","13,00"
55,"12,00",2,1,4,#NULL!,"0,00",2,"0,00","0,00","0,00","0,00","0,00","1,00","0,00","4,00","1,00","11,00","3,33","4,00","4,00","4,00","3,33","6,00","6,00"
59,"12,00",2,2,2,#NULL!,"0,00",2,"0,00","0,00","0,00","1,00","1,00","0,00","1,00","7,00","3,00","16,00",#NULL!,"4,00","3,67","3,50","3,33","5,50",#NULL!
69,"12,00",2,2,4,#NULL!,"0,00",4,"1,00","1,00","0,00","1,00","1,00","0,00","1,00","4,00","5,00","11,00",#NULL!,#NULL!,"4,00",#NULL!,"3,67","6,00",#NULL!
70,"11,00",2,1,4,#NULL!,"0,00",4,"1,00","0,00","0,00","1,00","1,00","0,00","0,00","1,00","3,00","26,00",#NULL!,"2,50","4,33","4,00","3,67","4,00",#NULL!
73,"11,00",2,1,2,#NULL!,"0,00",1,"0,00","1,00","0,00","0,00","0,00","0,00","0,00","5,00","1,00","10,00","2,33",#NULL!,"4,00",#NULL!,"3,00","5,50",#NULL!
75,"11,00",2,1,2,#NULL!,"0,00",#NULL!,"0,00","0,00","1,00","1,00","1,00","1,00","0,00","5,00","4,00","13,00","3,67",#NULL!,"5,00",#NULL!,#NULL!,"7,00",#NULL!
83,"13,00",2,3,4,#NULL!,"0,00",2,"0,00","1,00","0,00","1,00","1,00","1,00","1,00","6,00","5,00","14,00","3,00","4,00","4,00","3,67","3,33","6,00",#NULL!
87,"13,00",2,3,5,#NULL!,"0,00",2,"0,00","0,00","0,00","1,00","1,00","0,00","0,00","3,00","2,00","12,00","4,00","3,50","3,67","3,33","3,00","5,00",#NULL!
89,"13,00",2,3,2,#NULL!,"0,00",2,"0,00","0,00","1,00","1,00","1,00","0,00","0,00","12,00","3,00","16,00",#NULL!,"4,75","3,67","3,50","3,00","4,75","9,00"
94,"13,00",2,3,2,#NULL!,"0,00",3,"0,00","0,00","1,00","1,00","1,00","0,00","1,00",#NULL!,"4,00","10,00","4,67","4,50","3,33","3,67","3,33","7,00","17,00"
102,"13,00",2,2,4,#NULL!,"0,00",6,"1,00","1,00","1,00","1,00","0,00","1,00","1,00","3,00","6,00","13,00","3,33","4,00","4,33","3,83","4,00","5,25",#NULL!
103,"12,00",2,1,6,#NULL!,"0,00",2,"1,00","0,00","0,00","1,00","1,00","0,00","0,00","5,00","3,00","16,00",#NULL!,"3,75","5,00","4,00","4,00","5,50","4,00"
108,"14,00",2,3,4,#NULL!,"0,00",1,"1,00","0,00","0,00","0,00","1,00","0,00","1,00",#NULL!,"3,00",#NULL!,#NULL!,#NULL!,"4,67","3,83","3,00","6,50",#NULL!
114,"13,00",2,3,6,#NULL!,"0,00",2,"1,00","0,00","0,00","1,00","1,00","0,00","0,00","5,00","3,00","15,00","3,33","4,50","4,67","4,83","4,67","5,00",#NULL!
116,"12,00",2,2,2,#NULL!,"0,00",2,"0,00","1,00","0,00","1,00","1,00","0,00","1,00","5,00","4,00","11,00",#NULL!,"5,00","5,00",#NULL!,"5,00","6,25","7,00"
147,"12,00",2,2,2,#NULL!,"0,00",3,"0,00","0,00","0,00","1,00","1,00","0,00","0,00","5,00","2,00","13,00",#NULL!,"3,50","3,67","3,50","2,33","5,75",#NULL!
157,"13,00",2,3,2,#NULL!,"0,00",3,"0,00","0,00","0,00","1,00","1,00","0,00","0,00","8,00","2,00","15,00",#NULL!,"2,75",#NULL!,"3,33","2,67","2,25",#NULL!
158,"13,00",2,3,5,#NULL!,"0,00",4,"0,00","0,00","0,00","1,00","0,00","0,00","0,00","7,00","1,00","16,00","3,33",#NULL!,#NULL!,#NULL!,#NULL!,#NULL!,#NULL!
162,"11,00",2,1,2,#NULL!,"0,00",3,"0,00","0,00","0,00","1,00","1,00","1,00","1,00","5,00","4,00","17,00",#NULL!,"4,75","4,67","3,83","4,33","5,75","12,00"
167,"13,00",2,3,2,#NULL!,"0,00",3,"1,00","1,00","1,00","1,00","1,00","1,00","1,00","6,00","7,00","17,00",#NULL!,"4,00","4,67","2,83","2,67","5,25","10,00"
168,"12,00",2,2,2,#NULL!,"0,00",3,"0,00","1,00","0,00","1,00","1,00","0,00","0,00","5,00","3,00","10,00","4,67","4,00","5,00","4,17",#NULL!,"7,00",#NULL!
171,"11,00",2,1,5,#NULL!,"0,00",4,"1,00","0,00","1,00","1,00","1,00","0,00","1,00","9,00","5,00","3,00","3,33","4,75","4,00","4,50","5,00","6,25","11,00"
172,"13,00",2,3,2,#NULL!,"0,00",4,"1,00","0,00","0,00","1,00","0,00","0,00","1,00","8,00","3,00","12,00","3,33","4,25","4,33","3,83","3,33","5,75",#NULL!
173,"13,00",2,3,4,#NULL!,"0,00",3,"1,00","0,00","1,00","1,00","1,00","0,00","0,00","7,00","4,00","18,00",#NULL!,"3,75","3,00",#NULL!,"3,33","5,00",#NULL!
175,"12,00",2,2,2,#NULL!,"0,00",2,"0,00","0,00","0,00","0,00","1,00","0,00","0,00",#NULL!,"1,00","6,00",#NULL!,"3,50","4,00",#NULL!,"4,00","5,75","5,00"
193,"11,00",2,1,5,#NULL!,"0,00",1,"0,00","0,00","0,00","1,00","0,00","0,00","1,00","11,00","2,00","7,00","3,67",#NULL!,"3,67","3,83","3,33","4,00","9,00"
194,"13,00",2,3,2,#NULL!,"0,00",2,"1,00","1,00","1,00","1,00","1,00","0,00","1,00","7,00","6,00","18,00",#NULL!,"3,50","4,00","3,50","3,33","4,75","10,00"
196,"14,00",2,2,6,#NULL!,"0,00",7,"1,00","0,00","0,00","0,00","0,00","0,00","1,00",#NULL!,"2,00","11,00",#NULL!,"3,25","2,67",#NULL!,"2,67","4,25",#NULL!
199,"14,00",2,2,2,#NULL!,"0,00",5,"1,00","1,00","0,00","1,00","1,00","0,00","1,00","2,00","5,00","7,00","4,00",#NULL!,#NULL!,"4,50","4,33",#NULL!,"6,00"
201,"11,00",2,1,2,#NULL!,"0,00",2,"0,00","0,00","0,00","1,00","0,00","0,00","0,00","4,00","1,00","6,00","4,33","4,75","4,33",#NULL!,"3,67","6,50","12,00"
209,"12,00",2,1,2,#NULL!,"0,00",3,"1,00","0,00","0,00","0,00","0,00","0,00","0,00",#NULL!,"1,00","11,00",#NULL!,"4,25",#NULL!,#NULL!,"3,33","4,25","8,00"
211,"12,00",2,2,4,#NULL!,"0,00",4,"0,00","0,00","0,00","1,00","1,00","0,00","1,00","13,00","3,00","14,00",#NULL!,"3,75","3,00","3,33","3,00","6,00",#NULL!
215,"12,00",2,1,2,#NULL!,"0,00",2,"1,00","1,00","0,00","1,00","1,00","0,00","1,00","7,00","5,00","8,00",#NULL!,"4,50","4,67","4,00","3,33","5,75",#NULL!
222,"12,00",2,2,2,#NULL!,"0,00",3,"0,00","0,00","0,00","1,00","1,00","0,00","0,00","8,00","2,00","8,00","4,00","4,00","5,00","4,33","3,67","6,00",#NULL!
230,"11,00",2,1,5,#NULL!,"0,00",5,"0,00","0,00","0,00","1,00","1,00","1,00","1,00","6,00","4,00","5,00","4,33","4,50","4,67","4,33","3,33","6,00",#NULL!
232,"14,00",2,3,2,#NULL!,"0,00",3,#NULL!,#NULL!,#NULL!,#NULL!,#NULL!,#NULL!,"0,00",#NULL!,#NULL!,#NULL!,"3,33","4,00",#NULL!,#NULL!,"4,00","5,00","7,00"
234,"14,00",2,3,2,#NULL!,"0,00",1,"1,00","0,00","1,00","1,00","1,00","1,00","1,00","7,00","6,00","14,00","4,33","4,25","3,67","3,17","2,67","6,25","10,00"
235,"13,00",2,3,2,#NULL!,"0,00",2,"0,00","0,00","1,00","1,00","1,00","0,00","0,00","6,00","3,00","7,00",#NULL!,"4,00","3,67","3,67","4,00","5,00","18,00"
237,"12,00",2,2,4,#NULL!,"0,00",2,"0,00","1,00","0,00","1,00","1,00","0,00","1,00","3,00","4,00","11,00",#NULL!,"4,25","5,00","3,67","5,00","6,75","12,00"
238,"14,00",2,4,4,#NULL!,"0,00",3,"0,00","0,00","1,00","1,00","0,00","0,00","0,00","3,00","2,00","6,00",#NULL!,"4,25","4,33","4,00","3,67","6,00","7,00"
242,"11,00",2,1,2,#NULL!,"0,00",3,"1,00","1,00","1,00","1,00","1,00","0,00","1,00","4,00","6,00","14,00","3,33",#NULL!,"5,00","3,50","3,33","7,00","7,00"
244,"13,00",2,1,2,#NULL!,"0,00",3,"0,00","0,00","0,00","1,00","0,00","0,00","1,00","2,00","2,00","9,00","4,33","4,25","5,00","4,33","4,00","7,00",#NULL!
250,"14,00",2,4,2,#NULL!,"0,00",2,"0,00","0,00","0,00","1,00","0,00","1,00","0,00","6,00","2,00","12,00",#NULL!,"3,25","4,00","3,33","4,00","6,00","10,00"
258,"11,00",2,1,5,#NULL!,"0,00",4,"1,00","1,00","0,00","0,00","1,00","0,00","1,00",#NULL!,"4,00","7,00",#NULL!,"3,00","4,00",#NULL!,#NULL!,"3,00","7,00"
262,"14,00",2,4,1,#NULL!,"0,00",1,"1,00","0,00","1,00","1,00","1,00","1,00","1,00","7,00","6,00","11,00",#NULL!,"3,00","3,67","3,67","3,33","6,00","15,00"
283,"12,00",2,1,2,#NULL!,"0,00",6,"1,00","1,00","0,00","0,00","0,00","0,00","1,00","9,00","3,00","10,00","3,33","4,00","3,67",#NULL!,#NULL!,"2,50","12,00"
285,"12,00",2,1,2,#NULL!,"0,00",3,"0,00","0,00","0,00","1,00","1,00","1,00","0,00","4,00","3,00","11,00","3,33","4,25","4,00","4,00","3,67","6,50","16,00"
288,"12,00",2,1,5,#NULL!,"0,00",3,"0,00","1,00","0,00","0,00","0,00","0,00","1,00",#NULL!,"2,00","15,00","3,00","4,25","5,00","5,00","5,00","6,75","9,00"
289,"15,00",2,4,4,#NULL!,"0,00",4,"1,00","1,00","0,00","1,00","1,00","0,00","1,00","3,00","5,00","9,00","4,33","4,75","4,33","4,83","4,33","6,50","14,00"
295,"13,00",2,3,2,#NULL!,"0,00",1,"1,00","0,00","1,00","1,00","1,00","0,00","0,00","3,00","4,00","19,00","5,00","3,75","4,33","3,83","3,67","5,75",#NULL!
298,"13,00",2,3,5,#NULL!,"0,00",2,"0,00","0,00","0,00","1,00","1,00","0,00","0,00","5,00","2,00","12,00","3,33","5,00","4,33","4,67","3,33","3,25",#NULL!
299,"15,00",2,3,2,#NULL!,"0,00",1,"0,00","0,00","0,00","1,00","1,00","0,00","0,00","19,00","2,00","15,00",#NULL!,"5,00","4,67","4,33","4,00","5,50",#NULL!
301,"11,00",2,1,2,#NULL!,"0,00",4,"1,00","0,00","0,00","1,00","1,00","0,00","1,00","5,00","4,00","12,00","4,00","5,00","4,33","5,00","4,00","7,00","14,00"
303,"12,00",2,2,4,#NULL!,"0,00",2,"1,00","1,00","0,00","1,00","1,00","0,00","0,00","7,00","4,00","12,00",#NULL!,"4,25","4,00","4,33","3,33","6,00","12,00"
305,"13,00",2,3,4,#NULL!,"0,00",4,"0,00","0,00","0,00","1,00","0,00","0,00","0,00",#NULL!,"1,00","15,00",#NULL!,#NULL!,#NULL!,#NULL!,#NULL!,#NULL!,#NULL!
307,"14,00",2,3,4,#NULL!,"0,00",4,"0,00","1,00","0,00","1,00","1,00","0,00","1,00","4,00","4,00","12,00",#NULL!,"3,00","3,00","3,00","3,00","4,00","10,00"
308,"14,00",2,4,4,#NULL!,"0,00",3,"1,00","1,00","0,00","1,00","1,00","0,00","1,00","6,00","5,00","6,00",#NULL!,"3,25","5,00","3,67","3,33","5,50",#NULL!
309,"11,00",2,1,2,#NULL!,"0,00",3,"0,00","0,00","0,00","1,00","0,00","0,00","0,00","2,00","1,00","4,00","3,33",#NULL!,"5,00",#NULL!,"4,67","5,75",#NULL!
322,"12,00",2,1,4,#NULL!,"0,00",3,"1,00","1,00","1,00","1,00","1,00","0,00","1,00",#NULL!,"6,00","9,00",#NULL!,"3,75","4,00","2,83","3,67","4,00","4,00"
323,"15,00",2,4,4,#NULL!,"0,00",4,"0,00","1,00","1,00","0,00","1,00","0,00","1,00","19,00","4,00","7,00","3,67","4,00","2,67","4,00","3,67","5,25","11,00"
329,"13,00",2,3,2,#NULL!,"0,00",3,"0,00","0,00","1,00","1,00","1,00","0,00","1,00","1,00","4,00","11,00","4,67","5,00","5,00","4,00","4,67","7,00","18,00"
333,"14,00",2,4,2,#NULL!,"0,00",3,"1,00","1,00","1,00","1,00","1,00","1,00","0,00","3,00","6,00","17,00","3,33","4,25","3,33",#NULL!,"3,33","5,50","8,00"
338,"14,00",2,3,4,#NULL!,"0,00",6,"0,00","0,00","1,00","1,00","1,00","0,00","0,00","8,00","3,00","8,00","3,00","3,50","4,33","3,67","4,00","6,00","11,00"
351,"12,00",2,2,4,#NULL!,"0,00",4,"1,00","1,00","1,00","1,00","1,00","0,00","1,00",#NULL!,"6,00","5,00",#NULL!,"2,75","4,00",#NULL!,"3,67",#NULL!,#NULL!
352,"12,00",2,1,5,#NULL!,"0,00",2,"1,00","1,00","1,00","1,00","1,00","0,00","0,00","9,00","5,00","8,00",#NULL!,"3,00","3,00","3,00","3,00","4,00","11,00"
354,"14,00",2,2,2,#NULL!,"0,00",1,"1,00","0,00","0,00","1,00","1,00","0,00","1,00","5,00","4,00","4,00",#NULL!,"3,75","4,33","3,83","3,00","6,00","7,00"
363,"15,00",2,4,2,#NULL!,"0,00",2,"1,00","0,00","1,00","1,00","1,00","1,00","1,00","4,00","6,00","5,00",#NULL!,#NULL!,"2,33","4,33","2,67","6,00","11,00"
365,"13,00",2,3,2,#NULL!,"0,00",6,"1,00","1,00","1,00","1,00","1,00","0,00","1,00","3,00","6,00","12,00","4,33","5,00","4,00","4,17","4,33","7,00","13,00"
367,"11,00",2,1,2,#NULL!,"0,00",4,"1,00","1,00","1,00","1,00","1,00","0,00","1,00","7,00","6,00","11,00",#NULL!,"4,00","4,67","2,83","4,00","4,00","12,00"
374,"15,00",2,4,2,#NULL!,"0,00",5,"1,00","1,00","1,00","1,00","1,00","1,00","1,00","5,00","7,00","9,00",#NULL!,"3,75","4,67","3,67","3,00","6,00","18,00"
382,"11,00",2,1,2,#NULL!,"0,00",2,"1,00","1,00","1,00","1,00","1,00","0,00","1,00","10,00","6,00","10,00","3,67","4,50",#NULL!,"4,00","4,33","5,75","11,00"
387,"14,00",2,4,4,#NULL!,"0,00",3,"0,00","0,00","1,00","1,00","1,00","0,00","1,00","4,00","4,00","19,00","4,00","4,00","4,00","3,83","3,33","6,25",#NULL!
390,"12,00",2,2,5,#NULL!,"0,00",3,"0,00","0,00","0,00","1,00","1,00","0,00","0,00","5,00","2,00","10,00",#NULL!,"5,00","5,00","4,50",#NULL!,"6,00","8,00"
397,"13,00",2,3,6,#NULL!,"0,00",2,"1,00","1,00","0,00","0,00","0,00","0,00","1,00","11,00","3,00","10,00","3,33","4,25","4,00","4,00","4,00","5,50","13,00"
400,"11,00",2,1,6,#NULL!,"0,00",2,"1,00","0,00","0,00","1,00","0,00","0,00","1,00","3,00","3,00","10,00",#NULL!,"3,75","3,33","3,33",#NULL!,"4,25","9,00"
433,"15,00",2,4,2,#NULL!,"0,00",3,"0,00","0,00","1,00","1,00","1,00","1,00","0,00","5,00","4,00","14,00","3,67","4,75","3,33","3,67","4,00","6,50","16,00"
435,"11,00",2,1,2,#NULL!,"0,00",3,"1,00","0,00","0,00","0,00","0,00","0,00","1,00","3,00","2,00","13,00","3,67",#NULL!,"4,33","3,00","2,67","4,75","12,00"
436,"14,00",2,4,2,#NULL!,"0,00",6,"0,00","1,00","0,00","1,00","1,00","0,00","0,00","8,00","3,00","13,00",#NULL!,"3,75",#NULL!,"3,50","3,00","5,00",#NULL!
437,"13,00",2,3,4,#NULL!,"0,00",4,"1,00","1,00","1,00","1,00","1,00","0,00","1,00","13,00","6,00","16,00",#NULL!,"3,00","3,00","3,00","3,00","4,25","15,00"
438,"12,00",2,2,4,#NULL!,"0,00",4,"1,00","1,00","1,00","1,00","1,00","0,00","1,00","3,00","6,00","16,00","5,00","4,00","4,67","4,17","4,67","6,00","10,00"
467,"11,00",2,1,2,#NULL!,"0,00",2,"1,00","0,00","0,00","1,00","1,00","0,00","1,00","4,00","4,00","11,00","4,00","4,25","4,67","4,17","3,67","5,00","17,00"
475,"11,00",2,1,2,#NULL!,"0,00",1,"1,00","0,00","1,00","0,00","0,00","0,00","1,00","2,00","3,00","8,00","5,00","4,25","5,00",#NULL!,#NULL!,"5,50","5,00"
481,"11,00",2,1,2,#NULL!,"0,00",4,"0,00","1,00","1,00","1,00","1,00","0,00","0,00",#NULL!,"4,00","7,00","5,00","5,00","5,00","4,17","4,00","7,00","10,00"
490,"11,00",2,1,2,#NULL!,"0,00",5,"1,00","1,00","0,00","1,00","1,00","0,00","0,00","20,00","4,00","19,00",#NULL!,"3,75","4,00","3,50","3,67","6,00",#NULL!
503,"13,00",2,3,2,#NULL!,"0,00",3,"0,00","1,00","1,00","1,00","1,00","0,00","1,00","7,00","5,00","11,00","3,33","4,00","4,00","4,17","4,67","6,00",#NULL!
508,"15,00",2,4,2,#NULL!,"0,00",#NULL!,"1,00","0,00","1,00","1,00","1,00","0,00","0,00","3,00","4,00","15,00",#NULL!,"5,00","5,00",#NULL!,"5,00","6,00",#NULL!
522,"13,00",2,3,2,#NULL!,"0,00",1,"0,00","0,00","0,00","1,00","1,00","0,00","0,00","3,00","2,00","13,00",#NULL!,"4,00","4,00","3,33","3,33","4,25",#NULL!
540,"11,00",2,1,6,#NULL!,"0,00",2,"0,00","1,00","1,00","0,00","0,00","0,00","1,00","3,00","3,00","12,00","5,00","4,00","5,00","4,67","3,67","6,00","3,00"
541,"12,00",2,1,2,#NULL!,"0,00",3,"0,00","0,00","0,00","1,00","1,00","0,00","0,00","4,00","2,00","8,00",#NULL!,#NULL!,#NULL!,#NULL!,#NULL!,#NULL!,#NULL!
549,"15,00",2,4,2,#NULL!,"0,00",4,#NULL!,#NULL!,#NULL!,#NULL!,#NULL!,#NULL!,"0,00","2,00",#NULL!,"8,00",#NULL!,"3,00","3,00","3,17","3,00","4,50","11,00"
550,"14,00",2,3,2,#NULL!,"0,00",4,"1,00","0,00","1,00","1,00","1,00","0,00","0,00","6,00","4,00","12,00",#NULL!,"3,00","4,00","3,67","3,00","5,75",#NULL!
551,"14,00",2,3,2,#NULL!,"0,00",3,"1,00","0,00","0,00","1,00","1,00","0,00","1,00","12,00","4,00","14,00",#NULL!,#NULL!,"3,00","3,17","3,00","4,00","5,00"
556,"12,00",2,2,4,#NULL!,"0,00",1,"1,00","1,00","1,00","1,00","1,00","0,00","1,00",#NULL!,"6,00","4,00","3,67","4,50","3,00","4,67","4,67","6,75",#NULL!
559,"12,00",2,1,2,#NULL!,"0,00",2,"0,00","0,00","0,00","1,00","1,00","0,00","0,00","3,00","2,00","13,00",#NULL!,#NULL!,"3,33",#NULL!,"3,33","4,50",#NULL!
561,"13,00",2,3,5,#NULL!,"0,00",4,"0,00","0,00","0,00","1,00","0,00","0,00","0,00",#NULL!,"1,00","8,00","2,33","3,75","4,33","3,67","4,00","5,50","9,00"
574,"13,00",2,3,5,#NULL!,"0,00",4,"1,00","0,00","0,00","1,00","1,00","0,00","1,00",#NULL!,"4,00","6,00",#NULL!,#NULL!,#NULL!,#NULL!,"3,33",#NULL!,#NULL!
578,"11,00",2,1,2,#NULL!,"0,00",3,"0,00","0,00","1,00","1,00","1,00","0,00","1,00","1,00","4,00","10,00","3,67","5,00","4,00","3,83","4,67","6,75","19,00"
579,"15,00",2,4,2,#NULL!,"0,00",2,"1,00","0,00","0,00","1,00","1,00","0,00","0,00","8,00","3,00","16,00","4,67","4,75","3,33","3,50","3,67","5,50",#NULL!
586,"13,00",2,2,2,#NULL!,"0,00",3,"0,00","0,00","0,00","1,00","0,00","0,00","0,00","5,00","1,00","10,00",#NULL!,#NULL!,"3,67","4,00",#NULL!,"6,00",#NULL!
588,"12,00",2,2,4,#NULL!,"0,00",6,"0,00","1,00","0,00","0,00","0,00","1,00","1,00",#NULL!,"3,00","6,00",#NULL!,"3,75","4,33","4,33","4,00","5,00","11,00"
589,"12,00",2,2,2,#NULL!,"0,00",3,"0,00","0,00","0,00","0,00","1,00","0,00","0,00","8,00","1,00","10,00","4,00","3,75","4,67","3,67","4,00","4,75","7,00"
590,"12,00",2,1,3,#NULL!,"0,00",1,"0,00","0,00","0,00","1,00","1,00","0,00","0,00",#NULL!,"2,00","6,00","3,33","3,50","3,00",#NULL!,"4,67","5,75","5,00"
607,"12,00",2,1,4,#NULL!,"0,00",1,"0,00","0,00","0,00","1,00","1,00","0,00","1,00","3,00","3,00","3,00",#NULL!,"4,25","5,00","4,17","4,00","3,75",#NULL!
608,"11,00",2,1,5,#NULL!,"0,00",4,"1,00","0,00","0,00","0,00","0,00","0,00","0,00","1,00","1,00","6,00",#NULL!,#NULL!,"3,00","3,00","3,33","5,00",#NULL!
613,"13,00",2,2,4,#NULL!,"0,00",1,"0,00","0,00","0,00","1,00","0,00","0,00","1,00","6,00","2,00","7,00",#NULL!,#NULL!,#NULL!,#NULL!,#NULL!,#NULL!,#NULL!
637,"15,00",2,4,2,#NULL!,"0,00",1,"0,00","0,00","1,00","0,00","0,00","0,00","0,00","3,00","1,00","7,00","2,67","4,50","4,33","4,00","5,00","5,50","12,00"
644,"11,00",2,1,4,#NULL!,"0,00",4,"1,00","1,00","0,00","0,00","0,00","0,00","0,00","2,00","2,00","11,00","4,00","1,75","2,67",#NULL!,"2,67","5,00",#NULL!
647,"11,00",2,1,6,#NULL!,"0,00",2,"1,00","1,00","0,00","1,00","0,00","0,00","0,00","1,00","3,00","14,00",#NULL!,"5,00","5,00","4,67","4,33","7,00",#NULL!
648,"11,00",2,1,4,#NULL!,"0,00",1,"1,00","0,00","0,00","0,00","0,00","0,00","1,00","5,00","2,00","10,00","3,67","3,50","4,67",#NULL!,"3,67","6,00",#NULL!
650,"11,00",2,1,5,#NULL!,"0,00",3,"0,00","0,00","0,00","1,00","1,00","0,00","0,00","4,00","2,00","13,00",#NULL!,"3,75","5,00","4,00","3,67","6,25",#NULL!
651,"11,00",2,1,2,#NULL!,"0,00",1,#NULL!,#NULL!,#NULL!,#NULL!,#NULL!,#NULL!,#NULL!,#NULL!,#NULL!,#NULL!,#NULL!,#NULL!,#NULL!,#NULL!,#NULL!,#NULL!,#NULL!
667,"11,00",2,1,2,#NULL!,"0,00",4,#NULL!,#NULL!,#NULL!,#NULL!,#NULL!,#NULL!,"0,00","6,00",#NULL!,"10,00",#NULL!,#NULL!,#NULL!,#NULL!,#NULL!,#NULL!,#NULL!
671,"13,00",2,3,5,#NULL!,"0,00",2,"0,00","0,00","0,00","1,00","1,00","0,00","0,00","1,00","2,00","12,00",#NULL!,"4,25","4,67",#NULL!,"3,67","6,00","8,00"
672,"12,00",2,2,4,#NULL!,"0,00",2,"1,00","0,00","0,00","0,00","0,00","0,00","0,00",#NULL!,"1,00","10,00","4,67","5,00","5,00","5,00","5,00","7,00",#NULL!
685,"13,00",2,3,2,#NULL!,"0,00",2,"0,00","0,00","0,00","1,00","0,00","0,00","1,00","3,00","2,00","9,00","3,33","3,50","3,67","3,83","3,33","5,00","8,00"
691,"14,00",2,3,2,#NULL!,"0,00",5,"0,00","1,00","0,00","1,00","1,00","0,00","1,00","1,00","4,00","11,00","3,67","4,75","4,67",#NULL!,"4,33","7,00","12,00"
698,"13,00",2,2,4,#NULL!,"0,00",3,"1,00","0,00","0,00","0,00","0,00","0,00","1,00","5,00","2,00","15,00",#NULL!,"3,25","4,00","4,67","3,33","6,25","9,00"
700,"11,00",2,1,4,#NULL!,"0,00",1,"0,00","0,00","0,00","0,00","0,00","1,00",#NULL!,#NULL!,#NULL!,"11,00",#NULL!,#NULL!,#NULL!,#NULL!,#NULL!,#NULL!,#NULL!
710,"11,00",2,1,#NULL!,#NULL!,"0,00",1,"1,00","0,00","0,00","0,00","0,00","0,00","0,00","6,00","1,00","4,00",#NULL!,#NULL!,"3,67","4,50","3,67","6,00",#NULL!
711,"12,00",2,2,6,#NULL!,"0,00",4,"0,00","1,00","0,00","1,00","1,00","0,00","1,00","4,00","4,00","7,00",#NULL!,"4,00","4,00","4,00","3,00","6,25","13,00"
719,"15,00",2,4,2,#NULL!,"0,00",2,"0,00","0,00","0,00","1,00","1,00","1,00","0,00","18,00","3,00","10,00",#NULL!,"4,25","5,00","3,67","4,00","6,75",#NULL!
722,"12,00",2,2,4,#NULL!,"0,00",2,"0,00","0,00","0,00","1,00","1,00","0,00","0,00","3,00","2,00","8,00","4,33","4,00","3,33","3,50","3,67","6,25","5,00"
728,"11,00",2,1,2,#NULL!,"0,00",3,"0,00","1,00","0,00","1,00","1,00","0,00","1,00","5,00","4,00","9,00","4,33","3,75","4,33","3,83","4,00","6,00",#NULL!
746,"12,00",2,1,4,#NULL!,"0,00",1,#NULL!,#NULL!,#NULL!,#NULL!,#NULL!,#NULL!,#NULL!,#NULL!,#NULL!,"6,00",#NULL!,#NULL!,#NULL!,#NULL!,#NULL!,#NULL!,#NULL!
771,"11,00",2,1,2,#NULL!,"0,00",1,"0,00","0,00","0,00","1,00","0,00","0,00","0,00","5,00","1,00","6,00","3,33","3,25","4,67","3,50","4,33","4,00","5,00"
785,"11,00",2,1,4,#NULL!,"0,00",4,"0,00","1,00","0,00","1,00","1,00","0,00","1,00","6,00","4,00","9,00","3,33","4,25","4,67","4,33","4,00","6,25",#NULL!
795,"14,00",2,3,3,#NULL!,"0,00",3,"0,00","0,00","0,00","1,00","0,00","0,00","1,00","3,00","2,00","7,00",#NULL!,"4,25","3,00",#NULL!,"4,33","4,75","15,00"
800,"13,00",2,3,2,#NULL!,"0,00",3,"1,00","0,00","1,00","1,00","1,00","0,00","1,00","2,00","5,00","21,00","4,33","4,25","4,33","3,17","4,33","4,50","15,00"
813,"13,00",2,3,5,#NULL!,"0,00",4,"0,00","1,00","1,00","1,00","1,00","0,00","1,00","2,00","5,00","16,00",#NULL!,"3,00","4,00","4,33","3,67","4,00","9,00"
818,"12,00",2,2,2,#NULL!,"0,00",4,"0,00","0,00","0,00","1,00","0,00","0,00","0,00","2,00","1,00","8,00","3,67","3,00","5,00",#NULL!,#NULL!,"6,75","7,00"
840,"12,00",2,2,2,#NULL!,"0,00",2,"0,00","0,00","1,00","1,00","1,00","0,00","0,00",#NULL!,"3,00","20,00",#NULL!,"5,00","3,67","4,33","2,67","4,00",#NULL!
843,"13,00",2,3,2,#NULL!,"0,00",6,"1,00","0,00","0,00","0,00","1,00","0,00","1,00","4,00","3,00","15,00","4,00","4,25","4,67",#NULL!,"3,33","7,00","15,00"
844,"12,00",2,1,5,#NULL!,"0,00",2,"1,00","0,00","1,00","1,00","1,00","1,00","0,00","2,00","5,00","17,00",#NULL!,"4,50","5,00","4,17","5,00","6,50",#NULL!
847,"15,00",2,4,2,#NULL!,"0,00",2,"0,00","0,00","0,00","1,00","1,00","0,00","0,00","8,00","2,00","8,00",#NULL!,"5,00","5,00","4,67","3,00","3,75",#NULL!
10,"13,00",1,2,5,#NULL!,"0,00",4,"1,00","1,00","1,00","1,00","0,00","0,00","1,00","1,00","5,00","9,00",#NULL!,#NULL!,"3,67",#NULL!,#NULL!,"5,50",#NULL!
11,"12,00",1,2,4,#NULL!,"0,00",2,"0,00","1,00","1,00","1,00","1,00","0,00","1,00","10,00","5,00","14,00",#NULL!,"4,75","4,67","4,67","4,00","5,00","16,00"
12,"14,00",1,3,6,#NULL!,"0,00",6,"1,00","1,00","1,00","1,00","1,00","0,00","0,00",#NULL!,"5,00","6,00","3,33","4,25","4,33","3,33","4,00","5,00",#NULL!
13,"12,00",1,1,2,#NULL!,"0,00",2,"0,00","0,00","0,00","1,00","1,00","0,00","0,00","6,00","2,00","12,00","4,67","4,50","4,67","5,00","4,00","4,50","7,00"
20,"11,00",1,1,2,#NULL!,"0,00",3,"0,00","1,00","0,00","1,00","0,00","0,00","1,00",#NULL!,"3,00","5,00",#NULL!,"4,00","5,00","4,83","4,33","6,00","4,00"
29,"12,00",1,2,2,#NULL!,"0,00",3,"0,00","1,00","0,00","1,00","1,00","0,00","1,00","8,00","4,00","11,00",#NULL!,"4,00","3,00","3,83","3,33","4,50",#NULL!
30,"15,00",1,4,2,#NULL!,"0,00",3,"0,00","0,00","0,00","0,00","1,00","0,00","1,00","2,00","2,00","2,00",#NULL!,"4,00","3,67","3,83","4,33","5,25",#NULL!
57,"15,00",1,4,2,#NULL!,"0,00",3,"1,00","0,00","1,00","1,00","1,00","0,00","0,00","1,00","4,00","16,00","5,00","4,25","5,00","4,83","5,00","7,00","12,00"
76,"11,00",1,1,2,#NULL!,"0,00",3,"0,00","0,00","0,00","1,00","1,00","0,00","1,00","4,00","3,00","12,00",#NULL!,"5,00","5,00","4,33","4,33","6,00",#NULL!
77,"12,00",1,2,5,#NULL!,"0,00",1,"1,00","1,00","1,00","0,00","0,00","0,00","1,00","4,00","4,00","8,00","3,33","5,00","4,00","5,00","5,00","6,75","8,00"
78,"11,00",1,1,2,#NULL!,"0,00",3,"0,00","0,00","0,00","1,00","1,00","0,00","0,00","3,00","2,00","17,00","4,00","4,75","5,00","5,00","5,00","6,25","9,00"
79,"11,00",1,1,2,#NULL!,"0,00",2,"0,00","0,00","0,00","1,00","0,00","0,00","0,00","3,00","1,00","13,00","4,00","4,00","4,67","4,17","4,33","5,75","9,00"
91,"11,00",1,1,2,#NULL!,"0,00",2,"1,00","0,00","0,00","1,00","1,00","0,00","0,00","1,00","3,00","9,00",#NULL!,"4,00","4,00","4,00","4,33","4,50","7,00"
93,"12,00",1,2,2,#NULL!,"0,00",5,"1,00","0,00","1,00","1,00","1,00","0,00","1,00","4,00","5,00","23,00","3,33","4,75","4,33","4,33","3,33","5,00","7,00"
104,"12,00",1,2,4,#NULL!,"0,00",2,"0,00","0,00","0,00","0,00","1,00","0,00","1,00",#NULL!,"2,00","14,00","4,00","3,75","4,33","3,83","3,00","4,00",#NULL!
105,"12,00",1,1,3,#NULL!,"0,00",6,"0,00","0,00","0,00","1,00","1,00","0,00","0,00",#NULL!,"2,00","5,00",#NULL!,#NULL!,"3,00",#NULL!,#NULL!,"5,00",#NULL!
106,"13,00",1,3,2,#NULL!,"0,00",4,"0,00","0,00","0,00","0,00","1,00","0,00","1,00","10,00","2,00","11,00",#NULL!,"4,00","4,67","3,17","3,67","4,25","14,00"
109,"14,00",1,3,2,#NULL!,"0,00",2,"1,00","1,00","1,00","1,00","1,00","1,00","1,00","2,00","7,00","9,00",#NULL!,"4,25","4,00","4,67","3,00","4,00","8,00"
112,"13,00",1,3,2,#NULL!,"0,00",6,"1,00","0,00","0,00","1,00","1,00","0,00","0,00","8,00","3,00","19,00",#NULL!,"4,00","4,00","4,00","3,33","4,50",#NULL!
113,"13,00",1,3,3,#NULL!,"0,00",4,"0,00","1,00","1,00","1,00","1,00","0,00","0,00","2,00","4,00","18,00","4,67","3,50","4,67","3,83","2,33","5,00",#NULL!
117,"11,00",1,1,2,#NULL!,"0,00",4,"1,00","1,00","0,00","0,00","0,00","0,00","1,00","3,00","3,00","6,00",#NULL!,"2,50","4,67",#NULL!,"3,67","4,50",#NULL!
124,"12,00",1,2,2,#NULL!,"0,00",1,"0,00","0,00","1,00","1,00","1,00","0,00","1,00","5,00","4,00","10,00",#NULL!,"5,00","4,67","4,17","4,00","6,00","4,00"
134,"11,00",1,2,2,#NULL!,"0,00",3,"0,00","0,00","0,00","1,00","1,00","0,00","1,00","4,00","3,00","10,00",#NULL!,"4,50","4,00","4,17","3,67","6,00","19,00"
135,"11,00",1,1,4,#NULL!,"0,00",2,"0,00","0,00","0,00","1,00","1,00","0,00","1,00","4,00","3,00","7,00","4,67","4,50","4,67","3,50","4,67","6,75","7,00"
139,"11,00",1,2,2,#NULL!,"0,00",5,"0,00","1,00","1,00","1,00","1,00","0,00","1,00","6,00","5,00","17,00",#NULL!,"4,50","3,67","3,83","3,67","5,00","9,00"
140,"11,00",1,1,6,#NULL!,"0,00",3,"0,00","0,00","0,00","0,00","0,00","1,00","1,00",#NULL!,"2,00","10,00","4,67",#NULL!,#NULL!,#NULL!,#NULL!,"5,75","6,00"
141,"11,00",1,1,2,#NULL!,"0,00",2,"0,00","0,00","0,00","1,00","1,00","0,00","0,00","4,00","2,00","10,00","4,00","5,00","5,00","4,00","4,33","6,00","3,00"
142,"13,00",1,3,2,#NULL!,"0,00",3,"1,00","1,00","1,00","1,00","1,00","0,00","1,00","2,00","6,00","9,00",#NULL!,"3,75","3,67","3,83","3,67","6,25","11,00"
143,"13,00",1,2,4,#NULL!,"0,00",3,"0,00","0,00","0,00","1,00","1,00","0,00","0,00","19,00","2,00","8,00","3,33","4,25","4,67","3,83","2,33","4,25","9,00"
144,"14,00",1,2,4,#NULL!,"0,00",5,"0,00","0,00","0,00","0,00","1,00","0,00","0,00",#NULL!,"1,00","2,00","3,33","3,25","3,33","4,33",#NULL!,"6,00","9,00"
153,"14,00",1,3,2,#NULL!,"0,00",3,"0,00","0,00","0,00","1,00","1,00","0,00","0,00","2,00","2,00","19,00",#NULL!,"3,00","3,67","3,67","2,67","5,75","13,00"
155,"12,00",1,2,2,#NULL!,"0,00",4,"0,00","1,00","0,00","0,00","0,00","0,00","1,00","4,00","2,00","8,00","4,00","4,75","4,33","4,83","5,00","6,00","17,00"
164,"11,00",1,1,2,#NULL!,"0,00",3,"0,00","0,00","0,00","1,00","0,00","0,00","1,00",#NULL!,"2,00","13,00",#NULL!,"3,75","4,67","4,00","3,67","6,25","5,00"
166,"14,00",1,3,2,#NULL!,"0,00",3,"0,00","0,00","1,00","1,00","1,00","0,00","0,00","6,00","3,00","11,00",#NULL!,"2,75","4,00","3,67","3,33","4,25",#NULL!
170,"15,00",1,4,2,#NULL!,"0,00",5,"0,00","0,00","1,00","1,00","1,00","0,00","0,00","5,00","3,00","8,00","2,67","4,50","3,67","3,33","4,33","4,25",#NULL!
177,"13,00",1,3,6,#NULL!,"0,00",3,"0,00","1,00","0,00","0,00","1,00","0,00","1,00","9,00","3,00","8,00",#NULL!,"3,75","3,67","3,33","3,33","4,25","10,00"
178,"14,00",1,4,4,#NULL!,"0,00",1,"0,00","0,00","1,00","1,00","1,00","0,00","0,00","4,00","3,00","8,00","3,67",#NULL!,"4,33","4,00",#NULL!,"7,00","7,00"
179,"13,00",1,2,2,#NULL!,"0,00",5,"1,00","0,00","1,00","1,00","1,00","0,00","0,00","4,00","4,00","15,00",#NULL!,"3,50","3,00","3,00","2,67","6,50","10,00"
198,"11,00",1,1,5,#NULL!,"0,00",3,"1,00","1,00","1,00","1,00","1,00","0,00","1,00","1,00","6,00","13,00","3,67","5,00","5,00","4,33",#NULL!,"6,75","6,00"
200,"12,00",1,2,4,#NULL!,"0,00",3,"0,00","0,00","0,00","1,00","0,00","0,00","0,00","1,00","1,00","16,00","3,67","3,00","5,00","4,00","2,33","7,00","11,00"
217,"13,00",1,3,2,#NULL!,"0,00",4,"0,00","0,00","0,00","1,00","0,00","0,00","0,00","3,00","1,00","16,00","4,67","4,75","4,67","4,17","3,33","5,50","10,00"
218,"12,00",1,2,2,#NULL!,"0,00",3,"0,00","0,00","0,00","1,00","1,00","0,00","1,00","5,00","3,00","10,00",#NULL!,"2,75","3,67","3,67","3,67","4,25","13,00"
220,"13,00",1,3,2,#NULL!,"0,00",3,"1,00","0,00","0,00","1,00","1,00","0,00","0,00","8,00","3,00","10,00",#NULL!,"3,75","4,33","3,33","3,67","5,00",#NULL!
221,"15,00",1,4,2,#NULL!,"0,00",3,"1,00","0,00","1,00","1,00","1,00","0,00","0,00","6,00","4,00","14,00",#NULL!,"3,75","4,33","3,50","4,33","6,25","7,00"
225,"13,00",1,3,2,#NULL!,"0,00",3,"0,00","1,00","1,00","1,00","1,00","0,00","1,00","4,00","5,00","16,00",#NULL!,"3,25","2,33","3,33","3,67","3,00","14,00"
227,"13,00",1,3,4,#NULL!,"0,00",3,"1,00","1,00","1,00","1,00","1,00","0,00","1,00","7,00","6,00","9,00","3,33","4,50","3,67","3,50",#NULL!,"4,00",#NULL!
249,"14,00",1,4,2,#NULL!,"0,00",1,"0,00","0,00","0,00","1,00","1,00","0,00","0,00","10,00","2,00","10,00",#NULL!,"3,00","3,00","3,17","4,00","4,00",#NULL!
254,"11,00",1,1,5,#NULL!,"0,00",3,"1,00","1,00","1,00","1,00","1,00","0,00","1,00","1,00","6,00","7,00","3,67",#NULL!,"5,00","4,83","5,00","6,50","6,00"
257,"13,00",1,2,2,#NULL!,"0,00",3,"0,00","0,00","1,00","1,00","1,00","0,00","1,00","4,00","4,00","15,00",#NULL!,"3,50","3,00","4,00","3,00","4,00",#NULL!
264,"13,00",1,3,4,#NULL!,"0,00",1,"1,00","1,00","1,00","1,00","1,00","0,00","1,00","7,00","6,00","12,00",#NULL!,"4,50","3,00","4,33","4,33","6,00",#NULL!
268,"11,00",1,1,2,#NULL!,"0,00",1,"1,00","0,00","0,00","1,00","1,00","0,00","1,00","2,00","4,00","14,00","4,00","4,50","3,67","4,33","3,67","4,00",#NULL!
271,"12,00",1,1,2,#NULL!,"0,00",4,"0,00","1,00","0,00","0,00","0,00","1,00","1,00",#NULL!,"3,00","7,00","2,67","4,50","4,33",#NULL!,"2,67","6,00","5,00"
272,"12,00",1,2,2,#NULL!,"0,00",3,"1,00","1,00","0,00","1,00","1,00","0,00","1,00","4,00","5,00","9,00","3,33","4,25","4,33","4,50","2,67","5,50",#NULL!
274,"11,00",1,1,4,#NULL!,"0,00",3,"0,00","1,00","1,00","1,00","1,00","0,00","1,00","5,00","5,00","13,00","4,00","4,00","4,67","4,17","4,67","6,00",#NULL!
277,"13,00",1,3,2,#NULL!,"0,00",3,"0,00","0,00","1,00","1,00","1,00","0,00","0,00","4,00","3,00","12,00",#NULL!,"2,75","4,00","4,17","2,67","4,50","6,00"
279,"13,00",1,3,2,#NULL!,"0,00",3,"0,00","0,00","0,00","1,00","1,00","0,00","1,00","4,00","3,00","14,00","4,33","3,75","4,00","4,67","4,67","4,00","9,00"
280,"13,00",1,3,2,#NULL!,"0,00",3,"0,00","1,00","1,00","1,00","1,00","0,00","0,00","3,00","4,00","21,00",#NULL!,"3,00","3,00","3,00","3,00","4,00","6,00"
286,"11,00",1,1,2,#NULL!,"0,00",3,"0,00","0,00","0,00","0,00","0,00","1,00","0,00","16,00","1,00","13,00",#NULL!,"3,50","3,67","2,67","3,33","6,00","8,00"
287,"11,00",1,1,4,#NULL!,"0,00",5,"1,00","0,00","0,00","0,00","1,00","0,00","0,00","6,00","2,00","11,00",#NULL!,"3,75","4,33","4,00","2,33","6,75",#NULL!
291,"15,00",1,4,4,#NULL!,"0,00",6,"0,00","1,00","1,00","1,00","1,00","0,00","1,00","7,00","5,00","11,00",#NULL!,"4,25","3,33","3,50","3,33","5,25",#NULL!
292,"12,00",1,2,2,#NULL!,"0,00",2,"0,00","0,00","0,00","1,00","0,00","0,00","1,00","10,00","2,00","11,00","4,00","3,25","3,67","4,00","4,00","5,00","17,00"
294,"15,00",1,4,2,#NULL!,"0,00",3,"1,00","0,00","1,00","1,00","1,00","0,00","0,00","1,00","4,00","12,00","4,00","4,25","4,67","4,50","5,00","6,75","15,00"
314,"13,00",1,3,2,#NULL!,"0,00",3,"0,00","0,00","1,00","1,00","1,00","0,00","0,00","3,00","3,00","18,00",#NULL!,"4,00","3,67","4,33","4,00","6,00",#NULL!
320,"11,00",1,1,2,#NULL!,"0,00",4,"0,00","0,00","0,00","1,00","1,00","0,00","0,00","5,00","2,00","13,00","4,00","3,75","4,67","4,33","3,67","6,00",#NULL!
321,"12,00",1,1,5,#NULL!,"0,00",3,"1,00","0,00","0,00","0,00","0,00","0,00","0,00","4,00","1,00","6,00","4,00","4,50","3,67",#NULL!,#NULL!,"5,00","7,00"
327,"11,00",1,1,2,#NULL!,"0,00",6,"0,00","1,00","0,00","1,00","1,00","0,00","1,00","9,00","4,00","9,00","3,33","4,00","3,67","3,83","4,33","6,00","10,00"
331,"11,00",1,1,3,#NULL!,"0,00",4,"0,00","1,00","0,00","0,00","0,00","0,00",#NULL!,"7,00",#NULL!,"2,00",#NULL!,#NULL!,#NULL!,"4,50","4,33","6,25",#NULL!
340,"13,00",1,3,2,#NULL!,"0,00",5,"0,00","0,00","1,00","1,00","1,00","0,00","0,00","2,00","3,00","9,00","3,67","4,00","4,00","3,83","4,00","5,50","10,00"
345,"12,00",1,2,2,#NULL!,"0,00",1,"0,00","0,00","0,00","1,00","1,00","0,00","1,00","1,00","3,00","9,00","4,00","4,00","4,67","4,17",#NULL!,"6,50","7,00"
346,"11,00",1,1,2,#NULL!,"0,00",3,"0,00","0,00","0,00","1,00","1,00","0,00","0,00","10,00","2,00","14,00","4,00","3,75","4,00","3,17","3,00","5,00","7,00"
349,"12,00",1,1,4,#NULL!,"0,00",4,"0,00","0,00","0,00","1,00","0,00","0,00","0,00","2,00","1,00","4,00","3,00",#NULL!,"3,33",#NULL!,"4,00","6,00","8,00"
357,"11,00",1,1,2,#NULL!,"0,00",3,"0,00","1,00","0,00","1,00","1,00","0,00","1,00","5,00","4,00","9,00",#NULL!,#NULL!,"2,33",#NULL!,"4,00","3,75",#NULL!
373,"13,00",1,2,2,#NULL!,"0,00",2,"1,00","1,00","1,00","1,00","1,00","1,00","1,00","4,00","7,00","12,00","4,67","4,50","4,33","3,83","4,33","3,75","14,00"
386,"11,00",1,1,2,#NULL!,"0,00",1,"0,00","0,00","0,00","1,00","0,00","0,00","1,00","6,00","2,00","10,00","3,33","3,25","2,67","2,83","4,00","3,25","7,00"
388,"11,00",1,1,5,#NULL!,"0,00",3,"1,00","0,00","0,00","1,00","0,00","0,00","1,00","1,00","3,00","8,00","4,33","3,00","3,00","3,33",#NULL!,"5,50","8,00"
389,"11,00",1,1,2,#NULL!,"0,00",2,"0,00","0,00","0,00","0,00","1,00","0,00","1,00","2,00","2,00","13,00","4,00","3,75","4,67","4,00","3,33","5,25","5,00"
391,"14,00",1,2,5,#NULL!,"0,00",5,"1,00","1,00","1,00","0,00","0,00","0,00","1,00","1,00","4,00","3,00","5,00","4,00","5,00","4,33","4,00","6,00","4,00"
392,"11,00",1,1,2,#NULL!,"0,00",4,"0,00","0,00","0,00","0,00","0,00","1,00","0,00","16,00","1,00","10,00",#NULL!,"3,50","3,67","3,33","3,33","5,50","7,00"
393,"11,00",1,1,2,#NULL!,"0,00",3,"1,00","0,00","0,00","1,00","1,00","0,00","0,00",#NULL!,"3,00","10,00","2,67","4,75","4,33","3,83","5,00","6,00","7,00"
395,"11,00",1,1,5,#NULL!,"0,00",3,"1,00","1,00","1,00","1,00","1,00","0,00","1,00","4,00","6,00","10,00","4,00",#NULL!,"3,67","3,00","3,33","5,50","7,00"
401,"11,00",1,1,5,#NULL!,"0,00",2,"0,00","0,00","1,00","1,00","1,00","0,00","1,00","1,00","4,00","7,00","1,67","3,75","4,33","3,50","3,67","6,75","5,00"
405,"13,00",1,3,2,#NULL!,"0,00",3,"0,00","1,00","1,00","1,00","1,00","0,00","1,00","5,00","5,00","15,00",#NULL!,"3,75","3,33","4,17","5,00","6,00",#NULL!
406,"13,00",1,2,#NULL!,#NULL!,"0,00",3,"0,00","1,00","0,00","1,00","0,00","0,00","0,00","3,00","2,00","9,00",#NULL!,"3,50","3,00","3,67","4,00","6,25","2,00"
408,"14,00",1,3,2,#NULL!,"0,00",2,"0,00","0,00","0,00","1,00","1,00","0,00","0,00","6,00","2,00","13,00",#NULL!,"4,25","4,33","4,17","5,00","5,50",#NULL!
409,"15,00",1,4,2,#NULL!,"0,00",1,"1,00","0,00","1,00","1,00","1,00","0,00","0,00","4,00","4,00","9,00","4,67","4,00","4,67","3,67","3,00","5,00",#NULL!
411,"14,00",1,3,2,#NULL!,"0,00",1,"1,00","0,00","1,00","1,00","1,00","0,00","0,00","4,00","4,00","21,00","4,67","3,50","4,33","4,33","3,33","6,50","4,00"
415,"15,00",1,4,2,#NULL!,"0,00",5,"0,00","0,00","0,00","1,00","1,00","0,00","0,00","6,00","2,00","18,00",#NULL!,"4,25","4,33","3,33","3,67","5,25","13,00"
416,"14,00",1,4,2,#NULL!,"0,00",2,"0,00","0,00","1,00","1,00","1,00","0,00","0,00","8,00","3,00","9,00",#NULL!,"3,75","3,33","2,83","2,33","4,75","6,00"
419,"11,00",1,1,2,#NULL!,"0,00",#NULL!,#NULL!,#NULL!,#NULL!,#NULL!,#NULL!,#NULL!,#NULL!,#NULL!,#NULL!,#NULL!,#NULL!,#NULL!,#NULL!,#NULL!,#NULL!,#NULL!,#NULL!
426,"11,00",1,1,5,#NULL!,"0,00",2,"1,00","0,00","0,00","1,00","0,00","0,00","0,00","7,00","2,00","15,00",#NULL!,#NULL!,"4,00",#NULL!,"3,33",#NULL!,"8,00"
428,"12,00",1,1,4,#NULL!,"0,00",6,"0,00","1,00","0,00","1,00","1,00","0,00","1,00",#NULL!,"4,00","4,00",#NULL!,"3,50","2,33","3,00","3,33","4,50","8,00"
430,"13,00",1,2,2,#NULL!,"0,00",2,"1,00","0,00","0,00","1,00","1,00","0,00","1,00","3,00","4,00","13,00","3,67","5,00","5,00","3,67","3,33","6,75","11,00"
446,"13,00",1,3,2,#NULL!,"0,00",2,"0,00","0,00","0,00","1,00","1,00","0,00","0,00","3,00","2,00","15,00",#NULL!,"4,75","4,67","4,00",#NULL!,"6,25",#NULL!
447,"14,00",1,3,#NULL!,#NULL!,"0,00",2,"1,00","0,00","0,00","1,00","1,00","0,00",#NULL!,#NULL!,#NULL!,"9,00",#NULL!,#NULL!,#NULL!,#NULL!,#NULL!,#NULL!,#NULL!
450,"12,00",1,1,2,#NULL!,"0,00",2,"1,00","0,00","0,00","1,00","1,00","0,00","1,00","3,00","4,00","9,00",#NULL!,"3,50","3,67",#NULL!,"3,00","4,00","4,00"
453,"13,00",1,2,2,#NULL!,"0,00",4,"0,00","1,00","0,00","1,00","0,00","0,00","1,00","3,00","3,00","7,00","3,67","4,00","3,00","3,33","2,67","4,00","5,00"
454,"12,00",1,2,2,#NULL!,"0,00",3,"0,00","0,00","0,00","1,00","1,00","0,00","1,00","9,00","3,00","14,00","3,33","3,50","3,67","4,33","4,00","6,50","10,00"
455,"11,00",1,1,5,#NULL!,"0,00",3,"1,00","1,00","1,00","1,00","1,00","0,00","0,00",#NULL!,"5,00","4,00","4,67","4,50","4,33","4,50","4,00","6,50",#NULL!
456,"12,00",1,2,2,#NULL!,"0,00",3,"0,00","1,00","0,00","1,00","1,00","0,00","1,00","7,00","4,00","18,00",#NULL!,"3,75","2,67","3,17","4,00","2,50",#NULL!
460,"14,00",1,4,2,#NULL!,"0,00",#NULL!,#NULL!,#NULL!,#NULL!,#NULL!,#NULL!,#NULL!,#NULL!,#NULL!,#NULL!,#NULL!,#NULL!,#NULL!,#NULL!,#NULL!,#NULL!,#NULL!,#NULL!
462,"13,00",1,3,4,#NULL!,"0,00",3,"0,00","1,00","1,00","1,00","1,00","0,00","1,00","5,00","5,00","8,00","4,00","3,75","5,00","3,50","4,33","5,50","14,00"
463,"12,00",1,2,6,#NULL!,"0,00",4,"1,00","0,00","0,00","0,00","0,00","0,00","0,00","2,00","1,00","11,00",#NULL!,"3,25","3,67","3,67","4,00",#NULL!,#NULL!
464,"14,00",1,4,2,#NULL!,"0,00",2,"1,00","0,00","1,00","1,00","1,00","0,00","0,00","4,00","4,00","13,00","4,67","4,00","4,00","3,83","4,33","6,50",#NULL!
466,"13,00",1,2,2,#NULL!,"0,00",4,"0,00","0,00","0,00","0,00","1,00","0,00","1,00",#NULL!,"2,00","5,00",#NULL!,"3,00","3,00","3,00","3,00",#NULL!,"6,00"
472,"13,00",1,3,2,#NULL!,"0,00",1,"0,00","0,00","0,00","1,00","1,00","0,00","0,00","6,00","2,00","11,00",#NULL!,"3,00","3,00",#NULL!,"3,00","4,50",#NULL!
473,"12,00",1,2,5,#NULL!,"0,00",4,"1,00","1,00","1,00","0,00","0,00","0,00","1,00",#NULL!,"4,00","12,00","3,67","4,00","4,33",#NULL!,"5,00","3,00",#NULL!
485,"14,00",1,4,2,#NULL!,"0,00",3,"0,00","0,00","1,00","1,00","0,00","1,00","0,00","5,00","3,00","20,00",#NULL!,"5,00","3,33","4,17","3,33","5,25",#NULL!
487,"12,00",1,2,6,#NULL!,"0,00",6,"0,00","1,00","0,00","0,00","0,00","0,00","1,00","1,00","2,00","13,00","4,00","4,00","5,00","3,83","3,00","5,00","5,00"
488,"13,00",1,3,2,#NULL!,"0,00",3,"1,00","1,00","0,00","1,00","1,00","0,00","1,00","8,00","5,00","5,00","3,33","4,50","4,67","4,67",#NULL!,"6,25","2,00"
494,"11,00",1,1,2,#NULL!,"0,00",2,"0,00","0,00","0,00","1,00","1,00","0,00","0,00","10,00","2,00","13,00","4,00","3,75","3,67","3,67","3,00","5,25",#NULL!
495,"11,00",1,1,2,#NULL!,"0,00",2,"0,00","0,00","0,00","1,00","0,00","0,00","1,00","2,00","2,00","9,00","4,33","4,50","5,00","4,67",#NULL!,"6,00","17,00"
504,"11,00",1,1,2,#NULL!,"0,00",2,"0,00","0,00","0,00","1,00","0,00","0,00","1,00","2,00","2,00","2,00","2,33",#NULL!,#NULL!,"4,33",#NULL!,"2,75","4,00"
507,"14,00",1,4,4,#NULL!,"0,00",3,"1,00","0,00","0,00","1,00","1,00","0,00","0,00","8,00","3,00","12,00",#NULL!,"4,25","4,33","3,83","3,67","5,50",#NULL!
516,"11,00",1,1,2,#NULL!,"0,00",3,"0,00","0,00","1,00","1,00","1,00","1,00","0,00","10,00","4,00","16,00","4,00","4,25","4,33","3,50","4,67","5,50",#NULL!
521,"13,00",1,2,3,#NULL!,"0,00",6,"1,00","0,00","1,00","0,00","1,00","0,00","1,00","9,00","4,00","8,00",#NULL!,"4,00","4,00",#NULL!,"3,67","3,50","9,00"
531,"11,00",1,1,2,#NULL!,"0,00",2,"0,00","0,00","0,00","1,00","1,00","0,00","1,00",#NULL!,"3,00","8,00","3,00","5,00","5,00","5,00",#NULL!,"6,75","8,00"
532,"11,00",1,1,2,#NULL!,"0,00",4,"0,00","1,00","0,00","1,00","0,00","0,00","1,00","4,00","3,00","12,00",#NULL!,"4,00","4,33","3,83","4,00","6,25",#NULL!
533,"12,00",1,2,2,#NULL!,"0,00",2,"0,00","0,00","1,00","1,00","1,00","0,00","1,00","4,00","4,00","15,00","3,33","4,75","3,67","4,67","4,33","2,75","10,00"
542,"14,00",1,4,2,#NULL!,"0,00",3,"0,00","0,00","0,00","0,00","1,00","0,00","0,00","14,00","1,00","12,00","2,33","3,75",#NULL!,#NULL!,"3,33",#NULL!,#NULL!
544,"11,00",1,1,2,#NULL!,"0,00",4,"1,00","0,00","0,00","1,00","1,00","0,00","1,00","4,00","4,00","7,00",#NULL!,"4,00","5,00","4,17","3,67","4,75","7,00"
557,"12,00",1,2,2,#NULL!,"0,00",1,#NULL!,#NULL!,#NULL!,#NULL!,#NULL!,#NULL!,"1,00","5,00",#NULL!,#NULL!,"3,33","2,25","4,00","4,67",#NULL!,"6,00","7,00"
558,"12,00",1,1,2,#NULL!,"0,00",5,"1,00","1,00","0,00","0,00","0,00","0,00","1,00","3,00","3,00","7,00",#NULL!,#NULL!,"4,67",#NULL!,"4,67","4,75","9,00"
562,"13,00",1,3,2,#NULL!,"0,00",3,"1,00","0,00","1,00","1,00","1,00","1,00","0,00","5,00","5,00","25,00","4,00","3,75","4,33","4,00","3,67","5,00","3,00"
563,"13,00",1,3,6,#NULL!,"0,00",4,"1,00","0,00","1,00","1,00","1,00","0,00","1,00",#NULL!,"5,00","21,00","4,67","4,50","4,33","4,17",#NULL!,"4,00",#NULL!
567,"13,00",1,3,2,#NULL!,"0,00",5,"0,00","0,00","0,00","1,00","1,00","0,00","0,00",#NULL!,"2,00","8,00",#NULL!,#NULL!,#NULL!,#NULL!,#NULL!,#NULL!,#NULL!
568,"11,00",1,1,2,#NULL!,"0,00",5,"0,00","0,00","1,00","1,00","1,00","0,00","1,00","2,00","4,00","4,00","3,33",#NULL!,"4,33","5,00","4,00","5,50","6,00"
575,"13,00",1,3,2,#NULL!,"0,00",2,"0,00","0,00","1,00","1,00","1,00","0,00","1,00","5,00","4,00","15,00","3,33","4,75","5,00","4,00","3,67","4,00",#NULL!
581,"12,00",1,2,4,#NULL!,"0,00",2,"0,00","0,00","0,00","1,00","1,00","0,00","1,00","4,00","3,00","8,00","4,67",#NULL!,"4,33","3,67","4,00","6,50","11,00"
593,"11,00",1,1,2,#NULL!,"0,00",2,"1,00","1,00","1,00","1,00","1,00","0,00","1,00","6,00","6,00","12,00","3,33","4,50","5,00","4,67","4,67","7,00","8,00"
594,"11,00",1,1,2,#NULL!,"0,00",1,"0,00","1,00","0,00","1,00","1,00","0,00","1,00","1,00","4,00","9,00",#NULL!,"5,00","4,00","4,67","3,67","4,00","10,00"
599,"12,00",1,2,2,#NULL!,"0,00",3,"0,00","0,00","0,00","1,00","1,00","0,00","1,00","7,00","3,00","9,00","3,33","3,50","5,00","4,33","4,00","5,25","9,00"
600,"12,00",1,1,2,#NULL!,"0,00",1,"0,00","0,00","0,00","1,00","1,00","0,00","0,00","15,00","2,00","5,00",#NULL!,"3,50","4,67","4,50","4,00","4,00",#NULL!
601,"12,00",1,1,6,#NULL!,"0,00",6,"0,00","0,00","0,00","1,00","1,00","0,00","1,00","4,00","3,00","8,00",#NULL!,"2,50","3,67",#NULL!,"3,00","6,25","15,00"
603,"12,00",1,1,2,#NULL!,"0,00",3,"1,00","0,00","0,00","0,00","0,00","0,00","0,00","8,00","1,00","11,00","2,33",#NULL!,#NULL!,"3,17","2,67","5,00",#NULL!
604,"14,00",1,4,2,#NULL!,"0,00",3,"0,00","1,00","1,00","1,00","1,00","0,00","0,00","3,00","4,00","12,00","3,33","3,75","3,33","3,67","4,00","5,25","9,00"
606,"12,00",1,2,4,#NULL!,"0,00",3,"0,00","0,00","0,00","0,00","1,00","0,00","1,00","2,00","2,00","9,00",#NULL!,"4,50","3,67","3,33","3,67","5,00","12,00"
619,"12,00",1,2,2,#NULL!,"0,00",2,"0,00","0,00","0,00","1,00","0,00","0,00",#NULL!,#NULL!,#NULL!,"2,00",#NULL!,"5,00","4,33","3,67","4,00","6,00",#NULL!
620,"13,00",1,2,2,#NULL!,"0,00",5,"0,00","0,00","0,00","1,00","1,00","0,00","0,00","2,00","2,00",#NULL!,#NULL!,"5,00","5,00","4,50","5,00","6,25",#NULL!
631,"12,00",1,2,2,#NULL!,"0,00",2,"0,00","1,00","0,00","1,00","1,00","1,00","1,00","4,00","5,00","14,00",#NULL!,"3,75","3,67","4,17","2,67","6,50","8,00"
633,"15,00",1,4,2,#NULL!,"0,00",2,"0,00","1,00","0,00","0,00","0,00","0,00","0,00","13,00","1,00","16,00",#NULL!,"3,75","4,00","4,17","3,67",#NULL!,"6,00"
634,"12,00",1,2,2,#NULL!,"0,00",2,"0,00","0,00","1,00","0,00","1,00","0,00","1,00","4,00","3,00","20,00",#NULL!,"4,25","4,33","4,00","4,00","6,00",#NULL!
656,"14,00",1,3,4,#NULL!,"0,00",4,"0,00","0,00","0,00","0,00","0,00","1,00","1,00","1,00","2,00","12,00","3,33","3,75","4,33","3,83","3,33","5,25","8,00"
658,"15,00",1,4,2,#NULL!,"0,00",2,"1,00","1,00","1,00","1,00","1,00","0,00","1,00","6,00","6,00","10,00",#NULL!,"3,75","4,00","4,00","3,33","5,00",#NULL!
659,"13,00",1,3,2,#NULL!,"0,00",4,"0,00","0,00","0,00","1,00","1,00","1,00","0,00","3,00","3,00","13,00",#NULL!,"4,75","4,33","4,50","2,67","5,00",#NULL!
661,"11,00",1,1,2,#NULL!,"0,00",4,"0,00","1,00","0,00","1,00","1,00","0,00","0,00","3,00","3,00","7,00",#NULL!,"4,25","4,33","4,17","3,67","6,25","6,00"
669,"14,00",1,3,2,#NULL!,"0,00",3,"0,00","1,00","0,00","0,00","1,00","0,00","0,00","1,00","2,00","8,00",#NULL!,"3,25","4,33","4,33","3,00","6,00","9,00"
670,"13,00",1,3,2,#NULL!,"0,00",2,"0,00","0,00","0,00","1,00","0,00","0,00","1,00",#NULL!,"2,00","7,00","2,00","3,25","4,00","3,50","3,33","6,25","6,00"
673,"12,00",1,2,2,#NULL!,"0,00",1,"0,00","1,00","0,00","0,00","0,00","0,00","1,00","15,00","2,00","6,00",#NULL!,"3,50","4,00","4,17",#NULL!,"5,00",#NULL!
675,"12,00",1,2,4,#NULL!,"0,00",4,"0,00","0,00","0,00","1,00","0,00","0,00","1,00",#NULL!,"2,00","6,00","3,67","2,50","4,33","4,00",#NULL!,"4,00","3,00"
690,"14,00",1,4,2,#NULL!,"0,00",2,"1,00","1,00","1,00","1,00","1,00","0,00","1,00","3,00","6,00","14,00","3,33","3,75","3,33","3,67","2,67","4,75",#NULL!
694,"13,00",1,3,2,#NULL!,"0,00",2,"0,00","1,00","0,00","1,00","0,00","0,00","1,00","4,00","3,00","11,00","3,33","3,75","3,67","4,17","3,67","4,00",#NULL!
695,"12,00",1,2,2,#NULL!,"0,00",3,"1,00","0,00","0,00","1,00","1,00","0,00","0,00","2,00","3,00","12,00",#NULL!,"5,00","5,00","4,67","5,00","6,50",#NULL!
720,"14,00",1,4,2,#NULL!,"0,00",2,"0,00","0,00","1,00","1,00","1,00","0,00","0,00","3,00","3,00","5,00","3,33","4,25","3,67","2,50","2,00","6,00","6,00"
724,"11,00",1,1,4,#NULL!,"0,00",3,"0,00","1,00","1,00","1,00","1,00","0,00","1,00","3,00","5,00","9,00",#NULL!,#NULL!,#NULL!,#NULL!,#NULL!,"3,25",#NULL!
730,"11,00",1,1,4,#NULL!,"0,00",3,"0,00","1,00","1,00","1,00","1,00","0,00","1,00","5,00","5,00","18,00","4,00","4,25","4,33","4,17","4,00","6,00",#NULL!
751,"14,00",1,3,2,#NULL!,"0,00",2,"0,00","0,00","1,00","1,00","1,00","0,00","0,00","1,00","3,00","9,00","4,00","4,25","4,67","4,67","4,67","6,50","10,00"
754,"11,00",1,1,6,#NULL!,"0,00",4,"0,00","0,00","0,00","1,00","1,00","0,00","0,00",#NULL!,"2,00","5,00","3,33","4,00","4,00","3,83","4,00",#NULL!,#NULL!
760,"11,00",1,1,2,#NULL!,"0,00",2,"1,00","0,00","0,00","0,00","0,00","0,00","1,00","2,00","2,00","12,00","2,33","2,75",#NULL!,#NULL!,"3,67","2,00",#NULL!
764,"11,00",1,1,4,#NULL!,"0,00",1,"0,00","0,00","0,00","1,00","1,00","0,00","1,00","1,00","3,00","8,00",#NULL!,"4,00","3,67","3,83",#NULL!,"6,00",#NULL!
773,"11,00",1,1,4,#NULL!,"0,00",5,"1,00","0,00","0,00","1,00","1,00","0,00","0,00","4,00","3,00","14,00",#NULL!,"4,00","5,00","4,33","4,00","6,00",#NULL!
782,"13,00",1,3,2,#NULL!,"0,00",4,"0,00","0,00","0,00","1,00","1,00","0,00","1,00","3,00","3,00","11,00",#NULL!,"4,50","3,67","3,17",#NULL!,"5,50","11,00"
788,"12,00",1,2,2,#NULL!,"0,00",3,"0,00","0,00","0,00","1,00","0,00","0,00","0,00","4,00","1,00","12,00","3,67","4,25","4,33","4,17","4,00","5,50","6,00"
793,"12,00",1,2,2,#NULL!,"0,00",3,"0,00","1,00","1,00","1,00","1,00","0,00","1,00","4,00","5,00","11,00",#NULL!,"4,50","4,67","4,33","3,33","6,50",#NULL!
797,"11,00",1,1,4,#NULL!,"0,00",2,"1,00","0,00","0,00","1,00","0,00","0,00","0,00","3,00","2,00","15,00",#NULL!,"5,00","4,67","4,67","4,00","6,25",#NULL!
817,"13,00",1,1,6,#NULL!,"0,00",3,"1,00","0,00","0,00","0,00","0,00","0,00","0,00","4,00","1,00","4,00","3,33","4,25","5,00","4,67","4,67","5,50",#NULL!
821,"12,00",1,2,2,#NULL!,"0,00",5,"0,00","1,00","1,00","0,00","1,00","0,00","1,00","10,00","4,00","12,00","3,67","4,50","3,67","3,33","3,00","5,25","9,00"
835,"14,00",1,3,4,#NULL!,"0,00",3,"0,00","0,00","0,00","0,00","1,00","0,00","0,00",#NULL!,"1,00","8,00",#NULL!,"3,75","4,00","4,00","4,00",#NULL!,#NULL!
838,"11,00",1,1,6,#NULL!,"0,00",3,#NULL!,#NULL!,#NULL!,#NULL!,#NULL!,#NULL!,"0,00","1,00",#NULL!,"8,00","3,00","3,25","3,67","3,50","2,67","5,00",#NULL!
21,"14,00",2,4,2,6,"1,00",2,"1,00","0,00","1,00","1,00","1,00","0,00","1,00","6,00","5,00","12,00","4,00","4,50","4,67","4,17","4,00","6,25",#NULL!
61,"14,00",2,3,3,6,"1,00",5,"1,00","0,00","1,00","1,00","1,00","0,00","0,00","5,00","4,00","16,00","3,33","3,25","3,67",#NULL!,#NULL!,"4,50","8,00"
68,"13,00",2,3,2,6,"1,00",3,"1,00","0,00","1,00","1,00","1,00","1,00","0,00","8,00","5,00","20,00","3,67","4,50","4,67","3,50","4,00","5,25",#NULL!
101,"14,00",2,3,2,6,"1,00",4,"1,00","0,00","1,00","1,00","1,00","0,00","0,00","6,00","4,00","24,00",#NULL!,"3,75","5,00",#NULL!,"3,00","7,00",#NULL!
159,"13,00",2,2,6,6,"1,00",1,"1,00","1,00","0,00","1,00","1,00","1,00","1,00","3,00","6,00","16,00","2,33",#NULL!,"2,33","4,50","4,00","6,75","9,00"
160,"15,00",2,4,2,6,"1,00",5,"1,00","0,00","1,00","1,00","1,00","1,00","0,00","8,00","5,00","15,00","2,00","4,25","4,00","4,33","3,67","6,25","13,00"
184,"12,00",2,1,2,6,"1,00",3,"1,00","0,00","1,00","1,00","1,00","0,00","1,00","3,00","5,00","19,00",#NULL!,"3,25","4,67","3,67","4,33","5,25","16,00"
233,"11,00",2,1,2,6,"1,00",4,"0,00","1,00","1,00","1,00","1,00","1,00","0,00","3,00","5,00","11,00",#NULL!,#NULL!,"4,00","3,83",#NULL!,"6,50","13,00"
251,"14,00",2,3,4,6,"1,00",3,"0,00","0,00","1,00","1,00","1,00","0,00","0,00","10,00","3,00","14,00","4,33","4,00","4,33","4,50","3,00","4,50",#NULL!
451,"13,00",2,3,2,6,"1,00",3,"0,00","0,00","0,00","1,00","1,00","0,00","1,00","3,00","3,00","12,00","4,67","4,00",#NULL!,"3,67","4,67","5,25",#NULL!
510,"11,00",2,1,2,6,"1,00",4,"0,00","1,00","1,00","1,00","1,00","0,00","1,00","5,00","5,00","14,00",#NULL!,"3,75","4,33","4,00","4,33","5,00","14,00"
689,"12,00",2,2,2,6,"1,00",2,"1,00","1,00","0,00","0,00","0,00","0,00","1,00","7,00","3,00","10,00",#NULL!,"3,75","4,00","3,50","3,33","6,00",#NULL!
721,"13,00",2,2,4,6,"1,00",2,"0,00","0,00","0,00","1,00","1,00","1,00","0,00","3,00","3,00","12,00",#NULL!,"3,00","3,67","3,83","3,67","6,00",#NULL!
790,"13,00",2,3,2,6,"1,00",4,"1,00","0,00","0,00","0,00","0,00","0,00","0,00",#NULL!,"1,00",#NULL!,#NULL!,#NULL!,#NULL!,#NULL!,#NULL!,#NULL!,#NULL!
46,"12,00",1,1,4,6,"1,00",3,"1,00","0,00","0,00","0,00","0,00","0,00","0,00","4,00","1,00","26,00",#NULL!,"5,00","4,00","5,00","5,00","6,00","9,00"
74,"13,00",1,3,2,6,"1,00",1,"0,00","0,00","1,00","0,00","0,00","0,00",#NULL!,#NULL!,#NULL!,"21,00",#NULL!,#NULL!,#NULL!,#NULL!,#NULL!,#NULL!,#NULL!
123,"14,00",1,3,2,6,"1,00",5,"0,00","0,00","1,00","0,00","1,00","0,00","0,00","8,00","2,00","23,00","4,00","3,75","4,00","4,00","3,67","6,25","13,00"
261,"13,00",1,3,2,6,"1,00",5,"1,00","0,00","1,00","1,00","1,00","0,00","1,00","3,00","5,00","8,00",#NULL!,"3,25","3,67","3,00","2,67","4,00",#NULL!
570,"12,00",1,2,2,6,"1,00",2,"1,00","0,00","0,00","1,00","1,00","0,00","0,00","4,00","3,00","11,00","4,00","3,50","3,67","4,33","4,33","5,75","11,00"
714,"12,00",1,2,2,6,"1,00",3,"1,00","1,00","1,00","1,00","1,00","0,00","1,00","6,00","6,00","12,00","4,00","4,50","5,00","4,33","4,67","5,25",#NULL!
64,"14,00",2,3,2,5,"1,00",2,"1,00","1,00","0,00","0,00","1,00","0,00","1,00","6,00","4,00","17,00","3,33","4,00","4,33","4,17","4,33","6,00",#NULL!
88,"14,00",2,4,2,5,"1,00",2,"1,00","0,00","1,00","1,00","1,00","0,00","0,00","8,00","4,00","18,00",#NULL!,"4,50","5,00","4,67","4,33","5,25","11,00"
161,"14,00",2,4,4,5,"1,00",3,"0,00","0,00","1,00","0,00","1,00","0,00","0,00","1,00","2,00","15,00",#NULL!,"4,50","5,00","4,17","4,33","6,00","12,00"
186,"14,00",2,3,4,5,"1,00",3,"0,00","1,00","1,00","1,00","1,00","0,00","0,00","7,00","4,00","20,00",#NULL!,"5,00","5,00","4,67",#NULL!,"6,25","5,00"
253,"14,00",2,4,2,5,"1,00",2,"1,00","1,00","1,00","1,00","1,00","0,00","1,00","3,00","6,00","16,00",#NULL!,"4,00","4,00",#NULL!,"3,67","4,75","16,00"
297,"14,00",2,3,2,5,"1,00",3,"0,00","0,00","0,00","0,00","1,00","1,00","0,00","1,00","2,00","12,00",#NULL!,"4,50","3,67","4,50","4,33","5,75",#NULL!
492,"13,00",2,3,4,5,"1,00",3,"1,00","0,00","1,00","1,00","0,00","0,00",#NULL!,#NULL!,#NULL!,"18,00","4,00","4,25","4,67","4,33","4,00","6,00",#NULL!
839,"12,00",2,2,2,5,"1,00",2,"1,00","0,00","0,00","1,00","0,00","0,00","1,00","5,00","3,00","14,00",#NULL!,"4,00","4,00","4,17","3,33","6,25",#NULL!
43,"14,00",1,3,2,5,"1,00",3,"1,00","0,00","0,00","0,00","0,00","0,00","1,00","1,00","2,00","13,00","3,33","5,00","5,00","4,17","5,00","7,00",#NULL!
152,"13,00",1,3,2,5,"1,00",3,"0,00","0,00","0,00","1,00","0,00","0,00","0,00","7,00","1,00","23,00",#NULL!,"5,00","4,00","4,17","3,67","4,75","4,00"
256,"13,00",1,2,2,5,"1,00",3,"1,00","1,00","1,00","1,00","0,00","0,00","1,00","4,00","5,00","15,00",#NULL!,"3,00","4,00","4,00",#NULL!,"4,25",#NULL!
412,"14,00",1,3,2,5,"1,00",3,"0,00","0,00","1,00","1,00","1,00","0,00","1,00","5,00","4,00","17,00","3,67",#NULL!,"4,67",#NULL!,#NULL!,"6,75",#NULL!
505,"13,00",1,3,2,5,"1,00",1,"1,00","0,00","1,00","1,00","1,00","0,00","0,00",#NULL!,"4,00","18,00","4,00",#NULL!,#NULL!,#NULL!,#NULL!,#NULL!,#NULL!
539,"13,00",1,2,4,5,"1,00",3,"1,00","1,00","1,00","1,00","1,00","0,00","1,00","9,00","6,00","18,00",#NULL!,"5,00","4,33",#NULL!,"4,00","6,50","6,00"
62,"15,00",2,4,1,4,"1,00",4,"1,00","0,00","1,00","1,00","1,00","0,00","0,00","8,00","4,00","10,00",#NULL!,"4,00","4,67","3,83","3,33","6,00","11,00"
95,"15,00",2,4,2,4,"1,00",2,"1,00","0,00","1,00","1,00","1,00","0,00","0,00","9,00","4,00","14,00",#NULL!,"3,50","3,67","4,33","3,67","6,50","13,00"
119,"11,00",2,1,4,4,"1,00",2,"1,00","0,00","0,00","1,00","1,00","1,00","1,00","5,00","5,00","22,00",#NULL!,"4,50","5,00","3,67","4,00","6,00","9,00"
125,"15,00",2,4,4,4,"1,00",2,"0,00","1,00","0,00","1,00","1,00","0,00","0,00","4,00","3,00","8,00",#NULL!,#NULL!,#NULL!,#NULL!,#NULL!,#NULL!,#NULL!
137,"13,00",2,3,5,4,"1,00",3,"1,00","0,00","1,00","1,00","1,00","1,00","0,00","3,00","5,00","15,00","3,33","4,50","4,00","3,33","4,00","4,25","9,00"
296,"14,00",2,4,2,4,"1,00",#NULL!,#NULL!,#NULL!,#NULL!,#NULL!,#NULL!,#NULL!,#NULL!,#NULL!,#NULL!,#NULL!,#NULL!,#NULL!,#NULL!,#NULL!,#NULL!,#NULL!,#NULL!
300,"11,00",2,1,4,4,"1,00",6,"1,00","0,00","0,00","0,00","0,00","0,00","0,00","2,00","1,00","8,00",#NULL!,"3,75","4,00",#NULL!,"4,33","5,25","3,00"
399,"12,00",2,2,2,4,"1,00",6,"1,00","1,00","1,00","1,00","1,00","0,00","1,00","4,00","6,00","20,00","2,67",#NULL!,"5,00",#NULL!,#NULL!,"5,50",#NULL!
443,"13,00",2,3,2,4,"1,00",3,"0,00","0,00","0,00","0,00","1,00","0,00","0,00","9,00","1,00","10,00","4,67","4,25","4,33","4,50","4,67","4,25","14,00"
449,"13,00",2,3,2,4,"1,00",3,"0,00","0,00","0,00","0,00","1,00","0,00","0,00","10,00","1,00","13,00",#NULL!,"4,25","4,33","3,67","4,00","3,75","5,00"
478,"13,00",2,3,2,4,"1,00",3,"0,00","0,00","0,00","1,00","1,00","0,00","0,00","5,00","2,00","18,00","4,67","4,00",#NULL!,#NULL!,"2,33","2,75",#NULL!
552,"12,00",2,2,2,4,"1,00",3,"0,00","0,00","1,00","1,00","1,00","1,00","0,00","6,00","4,00","9,00",#NULL!,"4,25","4,67","3,50","2,00","5,75","12,00"
706,"12,00",2,2,2,4,"1,00",3,"0,00","1,00","0,00","1,00","0,00","0,00","0,00","1,00","2,00","11,00","3,67","4,00","4,67",#NULL!,"3,67","6,00","6,00"
708,"14,00",2,1,4,4,"1,00",4,"0,00","0,00","1,00","0,00","1,00","0,00","1,00","5,00","3,00","10,00","3,33",#NULL!,"4,33","4,00","4,00","6,50",#NULL!
770,"13,00",2,4,4,4,"1,00",3,"1,00","1,00","0,00","1,00","1,00","0,00","1,00","4,00","5,00","14,00","4,33",#NULL!,"4,67",#NULL!,#NULL!,"4,75","6,00"
781,"11,00",2,1,2,4,"1,00",3,"0,00","0,00","0,00","1,00","1,00","0,00","0,00","2,00","2,00","11,00",#NULL!,"5,00","5,00","5,00","4,67","6,75","15,00"
798,"14,00",2,4,2,4,"1,00",4,"0,00","1,00","0,00","1,00","1,00","0,00","0,00","5,00","3,00","13,00",#NULL!,"4,50","4,33","3,67","4,33","5,00","7,00"
811,"12,00",2,2,4,4,"1,00",1,"0,00","0,00","1,00","1,00","0,00","0,00","1,00","8,00","3,00","8,00",#NULL!,"4,00","4,67",#NULL!,#NULL!,"6,00",#NULL!
824,"13,00",2,3,2,4,"1,00",2,"0,00","0,00","0,00","1,00","1,00","0,00","0,00","2,00","2,00","11,00",#NULL!,"3,75","3,67","4,17","3,67","6,00",#NULL!
36,"15,00",1,4,2,4,"1,00",6,"0,00","0,00","1,00","1,00","1,00","0,00","0,00","8,00","3,00","23,00",#NULL!,"4,00","4,33","4,50","4,33","6,25","11,00"
138,"14,00",1,3,2,4,"1,00",3,"0,00","0,00","1,00","0,00","1,00","0,00","0,00","8,00","2,00","12,00",#NULL!,"4,00","4,00","3,50","3,67","5,00",#NULL!
145,"11,00",1,1,2,4,"1,00",3,"0,00","0,00","0,00","1,00","1,00","0,00","0,00","12,00","2,00","16,00",#NULL!,"3,75","4,33","3,17","4,67","6,50",#NULL!
188,"13,00",1,3,2,4,"1,00",3,"0,00","0,00","1,00","1,00","1,00","0,00","0,00","6,00","3,00","18,00","4,67","2,00","1,67","3,50",#NULL!,"6,25","13,00"
332,"12,00",1,2,2,4,"1,00",3,"0,00","0,00","1,00","1,00","1,00","0,00","1,00","2,00","4,00","11,00","5,00","4,50","4,67","4,33","4,00","6,25","10,00"
343,"15,00",1,3,4,4,"1,00",5,"0,00","0,00","1,00","1,00","0,00","0,00","0,00","3,00","2,00","12,00",#NULL!,"3,00","4,00","3,50","3,00","5,75",#NULL!
360,"13,00",1,3,5,4,"1,00",2,"1,00","0,00","1,00","1,00","1,00","0,00","0,00","12,00","4,00","21,00",#NULL!,"4,75",#NULL!,"4,33","3,67",#NULL!,#NULL!
372,"13,00",1,3,4,4,"1,00",6,"0,00","0,00","1,00","1,00","1,00","0,00","0,00","4,00","3,00","25,00","4,00","3,75","3,67","3,83","4,00","6,25",#NULL!
381,"13,00",1,3,4,4,"1,00",6,"0,00","0,00","1,00","1,00","1,00","0,00","0,00","4,00","3,00","25,00","3,33",#NULL!,#NULL!,#NULL!,#NULL!,#NULL!,#NULL!
404,"14,00",1,3,2,4,"1,00",2,"0,00","0,00","1,00","1,00","1,00","0,00","0,00","5,00","3,00","13,00",#NULL!,"3,25","4,00","4,33","3,67","5,00","15,00"
482,"13,00",1,3,2,4,"1,00",2,"1,00","0,00","1,00","1,00","1,00","0,00","0,00","7,00","4,00","12,00","2,33","4,25","3,67","3,67","4,33","6,00","16,00"
502,"12,00",1,1,4,4,"1,00",2,"0,00","1,00","1,00","1,00","1,00","0,00","1,00","9,00","5,00","17,00","4,33","3,50","3,67","3,67","3,00","5,00",#NULL!
512,"14,00",1,3,4,4,"1,00",2,"0,00","0,00","1,00","1,00","1,00","0,00","0,00","8,00","3,00","14,00",#NULL!,"4,25","4,67","3,17","3,00","4,75",#NULL!
523,"13,00",1,3,4,4,"1,00",2,"1,00","0,00","0,00","1,00","1,00","0,00","0,00","20,00","3,00","8,00","3,33",#NULL!,"3,67","3,67","2,33","4,25","7,00"
536,"14,00",1,4,2,4,"1,00",4,"1,00","0,00","1,00","1,00","1,00","0,00","0,00","5,00","4,00","13,00",#NULL!,"4,50","3,67","4,33","4,33","7,00","16,00"
546,"14,00",1,4,2,4,"1,00",3,"0,00","0,00","0,00","0,00","1,00","0,00","0,00","3,00","1,00","7,00","2,67","4,00","4,33","4,67","4,67","5,50",#NULL!
566,"12,00",1,1,2,4,"1,00",3,"0,00","0,00","0,00","1,00","0,00","0,00","0,00","4,00","1,00","14,00","3,33","4,00","4,00","3,00","3,33","5,25",#NULL!
598,"13,00",1,3,4,4,"1,00",3,"1,00","0,00","1,00","1,00","1,00","1,00","0,00",#NULL!,"5,00",#NULL!,#NULL!,#NULL!,#NULL!,#NULL!,"3,67",#NULL!,#NULL!
605,"13,00",1,3,2,4,"1,00",3,"0,00","0,00","1,00","1,00","1,00","0,00","0,00","7,00","3,00","17,00",#NULL!,"4,25","3,67","3,67","3,00","6,00",#NULL!
759,"14,00",1,4,4,4,"1,00",4,"1,00","0,00","1,00","1,00","1,00","0,00","0,00","5,00","4,00","21,00",#NULL!,"4,75","4,67","4,83","5,00","5,75",#NULL!
765,"15,00",1,4,4,4,"1,00",3,"0,00","0,00","0,00","0,00","0,00","1,00","0,00","3,00","1,00","12,00","3,67","4,00","4,67","4,33","3,00","4,00","7,00"
778,"13,00",1,3,2,4,"1,00",4,"0,00","1,00","0,00","0,00","0,00","0,00","1,00",#NULL!,"2,00","13,00","4,00","3,75","3,33","3,50","3,33","6,00","7,00"
783,"12,00",1,2,4,4,"1,00",3,"1,00","0,00","0,00","1,00","1,00","0,00","0,00","7,00","3,00","11,00",#NULL!,"5,00","5,00","4,17","3,33","4,50","6,00"
806,"12,00",1,2,4,4,"1,00",1,"0,00","0,00","0,00","0,00","1,00","0,00","1,00","5,00","2,00","14,00",#NULL!,"3,75","3,33","3,33","3,00","6,25","9,00"
825,"14,00",1,3,2,4,"1,00",4,"0,00","0,00","1,00","1,00","1,00","0,00","0,00","6,00","3,00","13,00","3,67","4,25","4,67","3,67","4,67","5,50","2,00"
440,"12,00",#NULL!,1,2,3,"1,00",4,"0,00","0,00","0,00","1,00","0,00","1,00","0,00","14,00","2,00","9,00","3,67","4,25","3,67",#NULL!,#NULL!,"6,50","7,00"
662,"14,00",#NULL!,3,4,3,"1,00",5,"1,00","1,00","0,00","1,00","1,00","0,00","1,00","9,00","5,00","14,00","4,00","4,25","4,33","4,33","3,67","5,75",#NULL!
833,"14,00",#NULL!,3,2,3,"1,00",2,"1,00","1,00","1,00","1,00","1,00","0,00","1,00","12,00","6,00","11,00",#NULL!,"4,25","4,33","3,83","4,00",#NULL!,"15,00"
5,"13,00",2,3,2,3,"1,00",3,"0,00","0,00","0,00","1,00","1,00","0,00","1,00","5,00","3,00","10,00","5,00","4,75","4,67","4,50","3,00","7,00",#NULL!
37,"13,00",2,3,6,3,"1,00",6,"0,00","0,00","0,00","1,00","1,00","0,00",#NULL!,#NULL!,#NULL!,"6,00",#NULL!,#NULL!,#NULL!,#NULL!,#NULL!,#NULL!,#NULL!
118,"13,00",2,2,6,3,"1,00",1,"0,00","0,00","1,00","0,00","0,00","0,00","0,00","2,00","1,00","4,00","3,67","4,25","5,00",#NULL!,"4,00","3,75",#NULL!
185,"13,00",2,3,2,3,"1,00",2,"0,00","1,00","0,00","1,00","1,00","0,00","1,00","6,00","4,00","9,00","2,00","3,75","4,33","3,67","2,67","6,25",#NULL!
202,"12,00",2,1,5,3,"1,00",1,"0,00","1,00","0,00","0,00","0,00","0,00","0,00","2,00","1,00","6,00",#NULL!,"3,75","3,33","4,50","4,33","5,25","10,00"
205,"13,00",2,3,2,3,"1,00",2,"1,00","0,00","0,00","1,00","1,00","0,00","0,00","8,00","3,00","17,00","4,33","3,75","4,67","4,00","3,33","4,50",#NULL!
212,"15,00",2,4,2,3,"1,00",1,"1,00","0,00","1,00","1,00","1,00","0,00","0,00","9,00","4,00","16,00","2,67","3,25","3,67","3,83","3,67","5,50",#NULL!
231,"14,00",2,3,2,3,"1,00",2,"0,00","0,00","1,00","1,00","1,00","0,00","1,00","3,00","4,00","8,00",#NULL!,"3,50","4,00","3,17","3,67","4,25","13,00"
252,"11,00",2,1,4,3,"1,00",2,"1,00","0,00","0,00","0,00","0,00","0,00","0,00",#NULL!,"1,00","18,00","2,67",#NULL!,"5,00","3,67","3,67","6,50",#NULL!
282,"13,00",2,2,6,3,"1,00",6,"1,00","0,00","1,00","1,00","1,00","0,00","1,00",#NULL!,"5,00","4,00",#NULL!,#NULL!,"3,00","4,00",#NULL!,"7,00",#NULL!
375,"13,00",2,3,6,3,"1,00",2,"1,00","0,00","0,00","0,00","1,00","0,00","0,00","3,00","2,00","11,00",#NULL!,"3,00","4,00",#NULL!,"2,33","6,00","5,00"
377,"15,00",2,4,2,3,"1,00",3,"0,00","0,00","0,00","0,00","1,00","0,00","1,00",#NULL!,"2,00","3,00","3,33","4,50","5,00","3,67",#NULL!,"6,00",#NULL!
434,"12,00",2,2,2,3,"1,00",3,"0,00","0,00","0,00","1,00","1,00","1,00","0,00","4,00","3,00","17,00",#NULL!,"3,25","4,33","3,33","3,33","6,75","9,00"
469,"14,00",2,4,2,3,"1,00",3,"1,00","0,00","1,00","1,00","1,00","0,00","0,00","7,00","4,00","17,00",#NULL!,"4,25","3,33","3,50","4,33","5,50",#NULL!
511,"14,00",2,3,4,3,"1,00",3,"1,00","1,00","0,00","1,00","1,00","0,00","0,00","6,00","4,00","9,00",#NULL!,"4,00","4,00","4,00","4,00","6,00",#NULL!
547,"14,00",2,4,2,3,"1,00",1,"0,00","0,00","1,00","1,00","1,00","0,00","0,00","8,00","3,00","9,00","3,33","3,75","4,00","3,50","3,00","4,75","12,00"
560,"14,00",2,4,#NULL!,3,"1,00",3,"1,00","1,00","1,00","1,00","1,00","0,00","1,00","4,00","6,00","12,00","4,00","4,75","4,33","4,33","3,67","6,00",#NULL!
573,"11,00",2,1,4,3,"1,00",1,"1,00","1,00","0,00","1,00","1,00","1,00","1,00","8,00","6,00","8,00",#NULL!,"4,75","4,67","4,17","5,00","6,50","10,00"
576,"14,00",2,3,4,3,"1,00",5,#NULL!,#NULL!,#NULL!,#NULL!,#NULL!,#NULL!,#NULL!,#NULL!,#NULL!,#NULL!,#NULL!,#NULL!,#NULL!,#NULL!,#NULL!,#NULL!,#NULL!
592,"13,00",2,3,2,3,"1,00",4,"0,00","0,00","0,00","1,00","1,00","0,00","0,00","15,00","2,00","17,00",#NULL!,"4,50","4,67","3,83","3,67","6,00","10,00"
632,"11,00",2,1,2,3,"1,00",2,"0,00","0,00","0,00","1,00","1,00","0,00","1,00","5,00","3,00","8,00","4,00","4,75","4,00","3,33",#NULL!,"6,00",#NULL!
660,"12,00",2,3,4,3,"1,00",2,"1,00","0,00","1,00","1,00","1,00","0,00","0,00","5,00","4,00","18,00",#NULL!,"4,00","4,33","4,17","3,67","7,00",#NULL!
664,"14,00",2,3,4,3,"1,00",3,"0,00","0,00","0,00","1,00","0,00","0,00","1,00","1,00","2,00","7,00",#NULL!,"3,75","5,00","4,33",#NULL!,"5,00","12,00"
679,"13,00",2,3,4,3,"1,00",3,"0,00","0,00","0,00","1,00","1,00","0,00","0,00","2,00","2,00","12,00","4,00","5,00","4,33","3,67","4,00","6,00","11,00"
763,"13,00",2,3,6,3,"1,00",3,"0,00","0,00","0,00","1,00","0,00","0,00","1,00","2,00","2,00","13,00","3,33","4,00","4,33",#NULL!,"2,33","2,50",#NULL!
787,"12,00",2,2,3,3,"1,00",4,"1,00","0,00","0,00","1,00","1,00","0,00","0,00","2,00","3,00","13,00",#NULL!,"4,00","4,00","4,83","3,00","5,75","12,00"
812,"14,00",2,4,2,3,"1,00",5,"0,00","0,00","1,00","1,00","1,00","0,00","1,00","15,00","4,00","10,00",#NULL!,"3,50","4,33","3,67","3,33","4,00",#NULL!
815,"12,00",2,2,4,3,"1,00",4,"1,00","1,00","1,00","1,00","1,00","1,00",#NULL!,"2,00",#NULL!,"13,00","4,00","3,75","4,33","4,00","3,33","6,00",#NULL!
829,"11,00",2,1,2,3,"1,00",3,"1,00","0,00","0,00","1,00","1,00","0,00","1,00","7,00","4,00","13,00",#NULL!,"4,25","5,00","3,83","4,00","5,50",#NULL!
24,"14,00",1,4,4,3,"1,00",4,"0,00","1,00","1,00","1,00","1,00","0,00","1,00","2,00","5,00","12,00",#NULL!,"4,75","4,33","4,33","4,00","5,25","17,00"
80,"11,00",1,1,2,3,"1,00",3,"1,00","0,00","1,00","1,00","1,00","0,00","1,00","7,00","5,00","13,00","4,67","5,00","5,00","4,50","4,67","6,50","15,00"
110,"13,00",1,3,2,3,"1,00",3,"1,00","0,00","1,00","1,00","1,00","0,00","1,00","5,00","5,00","11,00",#NULL!,"4,75","4,00","3,67","3,33","7,00","17,00"
111,"14,00",1,3,2,3,"1,00",2,"1,00","0,00","1,00","1,00","1,00","0,00","0,00","6,00","4,00","9,00",#NULL!,"4,50","4,33","4,17","3,67","6,75",#NULL!
122,"13,00",1,3,2,3,"1,00",5,"0,00","0,00","1,00","1,00","1,00","0,00","0,00","4,00","3,00","13,00","3,33","4,00","4,00","3,83","2,67","6,75","13,00"
133,"13,00",1,3,2,3,"1,00",4,"0,00","0,00","0,00","1,00","1,00","0,00","0,00","4,00","2,00","10,00",#NULL!,"4,25","4,67","3,50","3,67","5,50",#NULL!
146,"14,00",1,2,2,3,"1,00",3,"1,00","0,00","0,00","0,00","0,00","0,00","0,00","1,00","1,00","5,00",#NULL!,#NULL!,"3,00",#NULL!,"3,00",#NULL!,#NULL!
216,"11,00",1,1,2,3,"1,00",2,"1,00","1,00","0,00","1,00","1,00","0,00","0,00","18,00","4,00","16,00",#NULL!,"4,00","4,33","4,50","3,67","6,50","7,00"
270,"14,00",1,3,4,3,"1,00",1,"0,00","1,00","0,00","1,00","1,00","0,00","0,00","12,00","3,00","7,00","3,33","3,50","2,67","4,17","3,33","5,00",#NULL!
278,"13,00",1,2,4,3,"1,00",2,"0,00","0,00","0,00","1,00","1,00","0,00","0,00","12,00","2,00","13,00",#NULL!,"4,50","4,67","4,00","3,33","6,25",#NULL!
313,"13,00",1,2,4,3,"1,00",1,"0,00","0,00","0,00","1,00","1,00","0,00","1,00","6,00","3,00","8,00","4,33","3,50","4,33","4,33","4,67","6,50","10,00"
330,"13,00",1,3,2,3,"1,00",3,"0,00","0,00","0,00","0,00","1,00","0,00","0,00","4,00","1,00","11,00","3,67","4,00","4,00","4,33","3,33","4,75",#NULL!
366,"14,00",1,4,2,3,"1,00",6,"0,00","0,00","1,00","1,00","1,00","0,00","1,00","20,00","4,00","13,00",#NULL!,#NULL!,#NULL!,#NULL!,"2,67","2,75","14,00"
383,"14,00",1,4,2,3,"1,00",4,"0,00","0,00","1,00","1,00","1,00","0,00","0,00","4,00","3,00","10,00",#NULL!,"3,25","3,33","3,83","4,67","5,50","7,00"
410,"13,00",1,3,4,3,"1,00",3,"0,00","1,00","1,00","1,00","1,00","1,00","1,00","9,00","6,00","12,00",#NULL!,"3,50","3,00","3,33","2,33","4,50","6,00"
418,"14,00",1,3,2,3,"1,00",1,"1,00","0,00","1,00","1,00","1,00","0,00","0,00","4,00","4,00","9,00","4,33","4,00","4,00","3,83","4,67","6,50",#NULL!
421,"12,00",1,1,2,3,"1,00",3,"1,00","1,00","0,00","1,00","1,00","0,00","1,00","3,00","5,00","12,00","3,67","4,25","4,67",#NULL!,"3,67","5,00","6,00"
427,"13,00",1,3,2,3,"1,00",1,"1,00","0,00","1,00","1,00","1,00","0,00","0,00","5,00","4,00","15,00",#NULL!,#NULL!,#NULL!,#NULL!,#NULL!,#NULL!,#NULL!
499,"12,00",1,2,2,3,"1,00",1,"0,00","0,00","0,00","1,00","1,00","1,00","0,00","3,00","3,00","11,00","3,33","4,25","4,00","3,50","4,00","5,75",#NULL!
514,"14,00",1,3,2,3,"1,00",3,"0,00","0,00","1,00","1,00","1,00","0,00","0,00","4,00","3,00","9,00","3,33","4,00","3,67","3,33",#NULL!,"5,75","14,00"
524,"12,00",1,2,2,3,"1,00",3,"0,00","0,00","1,00","1,00","1,00","0,00","1,00","6,00","4,00","14,00","3,67","3,25","3,00","2,50","3,00","3,75",#NULL!
534,"15,00",1,4,2,3,"1,00",2,"0,00","0,00","0,00","1,00","1,00","0,00","0,00","6,00","2,00","14,00",#NULL!,"3,00","2,33","3,00","2,67","5,25",#NULL!
564,"11,00",1,1,2,3,"1,00",4,"1,00","0,00","1,00","1,00","1,00","0,00","1,00","6,00","5,00","13,00","3,33","3,75","4,67","4,67","4,00","7,00","14,00"
569,"14,00",1,4,2,3,"1,00",1,"0,00","0,00","1,00","1,00","1,00","0,00","0,00","7,00","3,00","9,00",#NULL!,"3,75","4,33","4,17","3,33","6,00","10,00"
580,"14,00",1,4,2,3,"1,00",4,"0,00","0,00","0,00","0,00","1,00","0,00","0,00","4,00","1,00","8,00",#NULL!,#NULL!,"3,33",#NULL!,#NULL!,"2,50",#NULL!
618,"12,00",1,2,4,3,"1,00",3,"0,00","0,00","0,00","1,00","0,00","0,00","1,00","8,00","2,00","17,00","4,33","3,75","3,67","4,00","3,33","5,75","10,00"
638,"13,00",1,2,2,3,"1,00",3,"1,00","1,00","1,00","1,00","1,00","0,00","1,00","9,00","6,00","21,00",#NULL!,"2,50","3,67",#NULL!,"4,67","4,75",#NULL!
696,"11,00",1,1,4,3,"1,00",3,"1,00","0,00","0,00","1,00","0,00","0,00","0,00","20,00","2,00","16,00",#NULL!,"4,00","4,00","4,17","4,00","5,75",#NULL!
731,"14,00",1,4,4,3,"1,00",3,"1,00","0,00","1,00","1,00","1,00","1,00","1,00","15,00","6,00","12,00",#NULL!,"4,25","4,33",#NULL!,"4,00","5,75","9,00"
739,"15,00",1,4,4,3,"1,00",2,"0,00","0,00","1,00","1,00","1,00","0,00","0,00","5,00","3,00","7,00",#NULL!,"4,50","3,67","3,67","3,67","6,75","7,00"
752,"14,00",1,3,1,3,"1,00",2,"0,00","0,00","0,00","1,00","0,00","0,00","0,00","13,00","1,00","9,00",#NULL!,#NULL!,#NULL!,#NULL!,#NULL!,"1,25","3,00"
774,"11,00",1,1,2,3,"1,00",3,"1,00","1,00","0,00","1,00","1,00","1,00","1,00","10,00","6,00","13,00","3,67","5,00","5,00","4,83",#NULL!,"6,50","4,00"
791,"12,00",1,2,2,3,"1,00",6,"0,00","0,00","0,00","1,00","0,00","1,00","1,00","1,00","3,00","10,00",#NULL!,#NULL!,"4,67","4,00","3,67","6,00",#NULL!
828,"14,00",1,3,4,3,"1,00",3,"1,00","0,00","1,00","1,00","1,00","0,00","0,00","4,00","4,00","18,00",#NULL!,"4,75","4,00","3,67",#NULL!,"5,25",#NULL!
834,"14,00",1,3,4,3,"1,00",3,"1,00","1,00","1,00","1,00","1,00","1,00","1,00","3,00","7,00","15,00",#NULL!,#NULL!,"4,33",#NULL!,#NULL!,"5,75",#NULL!
849,"14,00",1,4,4,3,"1,00",4,"0,00","0,00","1,00","1,00","1,00","0,00","1,00","20,00","4,00","13,00",#NULL!,#NULL!,"3,67",#NULL!,"5,00","7,00","11,00"
852,"14,00",1,4,2,3,"1,00",3,"0,00","0,00","1,00","1,00","1,00","0,00","0,00","4,00","3,00","11,00","3,33","4,00","4,67","4,33","4,00","6,75","17,00"
150,"13,00",#NULL!,3,2,2,"1,00",1,"1,00","0,00","1,00","1,00","1,00","0,00","1,00","7,00","5,00","8,00","3,00","2,00",#NULL!,"3,67","2,33","4,50","15,00"
602,"15,00",#NULL!,4,2,2,"1,00",2,"1,00","0,00","1,00","1,00","1,00","1,00","1,00","12,00","6,00","4,00",#NULL!,"4,00",#NULL!,"3,00","3,67","5,00","9,00"
666,"11,00",#NULL!,1,1,2,"1,00",5,"1,00","1,00","1,00","0,00","0,00","0,00","0,00",#NULL!,"3,00","2,00","3,33","3,75",#NULL!,#NULL!,#NULL!,"2,50","6,00"
2,"11,00",2,1,2,2,"1,00",2,"1,00","1,00","1,00","1,00","1,00","0,00","1,00","8,00","6,00","11,00",#NULL!,"4,75","5,00","3,50","3,67","4,25","9,00"
4,"13,00",2,3,4,2,"1,00",5,"0,00","0,00","1,00","1,00","1,00","1,00","0,00","1,00","4,00","16,00","3,33","4,50","4,67",#NULL!,"3,00","6,50",#NULL!
47,"11,00",2,1,2,2,"1,00",2,"1,00","1,00","1,00","1,00","1,00","0,00","1,00","10,00","6,00","10,00","3,33","2,75","3,33",#NULL!,"2,67","6,00","12,00"
50,"13,00",2,2,2,2,"1,00",7,"0,00","0,00","1,00","1,00","0,00","0,00","1,00","10,00","3,00","14,00",#NULL!,"2,50","3,67","3,33","3,00","6,75","13,00"
66,"13,00",2,3,4,2,"1,00",3,"0,00","1,00","0,00","1,00","1,00","0,00","1,00",#NULL!,"4,00","16,00","4,00",#NULL!,#NULL!,#NULL!,#NULL!,#NULL!,#NULL!
82,"13,00",2,3,2,2,"1,00",4,"0,00","1,00","0,00","0,00","0,00","0,00","0,00",#NULL!,"1,00","11,00",#NULL!,"4,50","4,67","3,83","3,33","7,00",#NULL!
98,"14,00",2,3,2,2,"1,00",2,"1,00","0,00","0,00","1,00","1,00","0,00","0,00","4,00","3,00","19,00","4,33","3,50","4,33","4,00","2,67","6,00","6,00"
120,"13,00",2,3,4,2,"1,00",2,"1,00","1,00","0,00","0,00","0,00","0,00","1,00","1,00","3,00","14,00","1,67","4,25","5,00",#NULL!,"4,67","5,25",#NULL!
189,"14,00",2,3,2,2,"1,00",2,"1,00","0,00","1,00","1,00","1,00","0,00","1,00","5,00","5,00","16,00",#NULL!,"4,00","4,00","4,00","3,67","4,75",#NULL!
191,"11,00",2,1,2,2,"1,00",5,"0,00","0,00","0,00","1,00","0,00","0,00","1,00","1,00","2,00","5,00","2,00","4,75","4,00","3,33","4,33","6,00",#NULL!
203,"13,00",2,3,4,2,"1,00",3,"0,00","0,00","0,00","1,00","1,00","0,00","0,00","10,00","2,00","10,00","4,00","5,00","5,00","4,50","2,33","2,25",#NULL!
204,"12,00",2,2,1,2,"1,00",1,"0,00","0,00","0,00","1,00","0,00","0,00","0,00","7,00","1,00","12,00",#NULL!,"3,75","3,67","3,17","2,67","5,25",#NULL!
210,"13,00",2,3,2,2,"1,00",3,"1,00","0,00","1,00","1,00","1,00","0,00","0,00","6,00","4,00","16,00",#NULL!,"4,75","5,00","4,00","4,00","6,00",#NULL!
214,"13,00",2,2,2,2,"1,00",6,"1,00","1,00","0,00","0,00","0,00","0,00","1,00","4,00","3,00","9,00",#NULL!,#NULL!,#NULL!,#NULL!,#NULL!,"1,50","6,00"
240,"14,00",2,4,2,2,"1,00",4,"0,00","0,00","1,00","1,00","1,00","0,00",#NULL!,#NULL!,#NULL!,"13,00",#NULL!,#NULL!,"4,33",#NULL!,#NULL!,#NULL!,"17,00"
247,"14,00",2,4,4,2,"1,00",4,"1,00","1,00","1,00","1,00","1,00","0,00","1,00","6,00","6,00","12,00","4,67","3,25","4,33","3,50","3,33","6,50",#NULL!
310,"14,00",2,3,2,2,"1,00",2,"0,00","1,00","1,00","1,00","1,00","0,00","0,00","3,00","4,00","8,00",#NULL!,"4,25","4,67","3,33","3,67","6,75","9,00"
315,"12,00",2,2,2,2,"1,00",4,"0,00","0,00","1,00","1,00","1,00","0,00","1,00","6,00","4,00","9,00",#NULL!,"3,00","3,00","3,83","3,00","4,25",#NULL!
328,"13,00",2,3,2,2,"1,00",2,"1,00","1,00","1,00","1,00","1,00","0,00","1,00","17,00","6,00","13,00","4,33","3,75","3,00","4,00",#NULL!,"5,50",#NULL!
369,"14,00",2,3,2,2,"1,00",2,"1,00","0,00","0,00","1,00","1,00","0,00","0,00","1,00","3,00","16,00","3,00","3,50","4,33","3,17","2,00","5,50",#NULL!
370,"14,00",2,3,2,2,"1,00",1,"0,00","0,00","0,00","0,00","1,00","0,00","1,00","12,00","2,00","12,00",#NULL!,"4,25","4,67","3,83","4,33","6,00",#NULL!
376,"14,00",2,3,2,2,"1,00",4,#NULL!,#NULL!,#NULL!,#NULL!,#NULL!,#NULL!,#NULL!,#NULL!,#NULL!,"11,00",#NULL!,#NULL!,#NULL!,#NULL!,#NULL!,#NULL!,#NULL!
378,"11,00",2,1,2,2,"1,00",2,"1,00","1,00","0,00","1,00","1,00","0,00","0,00","5,00","4,00","10,00","4,67","3,75","4,67","3,83","3,33","6,75",#NULL!
459,"11,00",2,1,2,2,"1,00",3,"1,00","0,00","0,00","1,00","1,00","0,00","0,00","7,00","3,00","12,00","3,33","4,50","4,67","4,17","3,00","7,00","12,00"
468,"13,00",2,3,2,2,"1,00",4,"0,00","0,00","0,00","1,00","1,00","0,00","0,00","6,00","2,00","18,00","5,00","4,75","4,00","3,83","4,00","6,50",#NULL!
476,"13,00",2,1,4,2,"1,00",5,"0,00","0,00","0,00","1,00","1,00","0,00","0,00",#NULL!,"2,00","5,00",#NULL!,#NULL!,#NULL!,#NULL!,#NULL!,#NULL!,#NULL!
493,"11,00",2,1,2,2,"1,00",4,"0,00","0,00","0,00","1,00","1,00","1,00","0,00",#NULL!,"3,00","7,00","2,67","3,50","5,00","3,83",#NULL!,"1,25","9,00"
509,"11,00",2,1,2,2,"1,00",5,"1,00","0,00","1,00","1,00","1,00","0,00","1,00","2,00","5,00","9,00","4,33","4,25","4,33","4,00","4,33","5,75","14,00"
513,"12,00",2,1,4,2,"1,00",5,"0,00","0,00","0,00","1,00","0,00","0,00","0,00",#NULL!,"1,00","10,00","3,67","3,50","5,00",#NULL!,"3,00","5,75","6,00"
517,"14,00",2,3,2,2,"1,00",2,"1,00","1,00","1,00","1,00","1,00","1,00","0,00","5,00","6,00","8,00",#NULL!,"5,00","5,00","4,00","4,67","6,00",#NULL!
538,"12,00",2,2,6,2,"1,00",2,"1,00","1,00","1,00","1,00","1,00","0,00","1,00","8,00","6,00","7,00","3,67","3,75","5,00","4,50",#NULL!,"5,75","14,00"
543,"11,00",2,1,2,2,"1,00",5,"1,00","0,00","1,00","1,00","1,00","0,00","1,00","6,00","5,00","10,00","4,00","4,50","4,67","4,83","3,33","5,75","8,00"
545,"11,00",2,1,4,2,"1,00",2,"0,00","0,00","0,00","1,00","0,00","0,00","1,00","6,00","2,00","4,00","4,00","4,25","4,67","4,50","5,00","6,50",#NULL!
584,"14,00",2,4,2,2,"1,00",2,"1,00","0,00","1,00","1,00","1,00","0,00","1,00","8,00","5,00","12,00","3,33","4,50","4,33","4,17","4,00","6,50","6,00"
591,"15,00",2,2,4,2,"1,00",3,"0,00","0,00","0,00","1,00","0,00","0,00","0,00",#NULL!,"1,00","7,00",#NULL!,"3,50",#NULL!,#NULL!,#NULL!,"3,00",#NULL!
595,"12,00",2,1,2,2,"1,00",3,"1,00","0,00","0,00","1,00","1,00","0,00","0,00","5,00","3,00","13,00","4,00",#NULL!,"3,67","4,00","3,00","5,50",#NULL!
609,"13,00",2,3,4,2,"1,00",3,"1,00","0,00","0,00","0,00","0,00","0,00","0,00","1,00","1,00","13,00",#NULL!,"3,75","3,67","2,67","2,67","5,50","7,00"
641,"14,00",2,4,2,2,"1,00",2,"0,00","0,00","0,00","1,00","1,00","0,00","1,00","10,00","3,00","8,00",#NULL!,"3,75","5,00","4,17","4,00","5,75","8,00"
642,"11,00",2,1,1,2,"1,00",4,"1,00","1,00","0,00","1,00","1,00","0,00","0,00","3,00","4,00","9,00",#NULL!,"3,50","4,67","3,83","3,33","5,00",#NULL!
665,"15,00",2,3,4,2,"1,00",4,"0,00","1,00","0,00","0,00","1,00","0,00","0,00","4,00","2,00","8,00",#NULL!,"4,00","4,33","4,17","3,67","6,75",#NULL!
686,"12,00",2,2,2,2,"1,00",2,"0,00","0,00","0,00","0,00","0,00","1,00","0,00","11,00","1,00","13,00","5,00",#NULL!,"4,33","4,50","3,00","6,00","6,00"
687,"11,00",2,1,6,2,"1,00",3,"1,00","0,00","0,00","1,00","1,00","0,00","1,00","4,00","4,00","14,00",#NULL!,"4,50","4,67","3,50","4,00","6,25","11,00"
704,"13,00",2,2,2,2,"1,00",5,"0,00","0,00","0,00","1,00","0,00","0,00","1,00","4,00","2,00","10,00","3,33","4,00",#NULL!,#NULL!,"4,00","2,25","10,00"
709,"13,00",2,3,3,2,"1,00",3,"1,00","0,00","0,00","0,00","0,00","0,00","0,00","4,00","1,00","7,00","4,00","2,75","4,00","3,67","4,33","4,00",#NULL!
737,"14,00",2,4,4,2,"1,00",2,"0,00","0,00","0,00","1,00","1,00","0,00","0,00","8,00","2,00","15,00",#NULL!,"4,50","4,00","3,83","4,33","6,25",#NULL!
744,"12,00",2,2,2,2,"1,00",3,"0,00","0,00","0,00","1,00","1,00","0,00","1,00","1,00","3,00","12,00","2,67","3,00","4,00","3,17",#NULL!,"5,25","9,00"
776,"11,00",2,1,2,2,"1,00",2,"0,00","1,00","0,00","1,00","0,00","0,00","1,00","1,00","3,00","7,00",#NULL!,"4,50","4,33","4,17","4,00","6,25","6,00"
802,"11,00",2,1,4,2,"1,00",2,"0,00","0,00","0,00","1,00","0,00","0,00","1,00","5,00","2,00","11,00",#NULL!,"4,25","4,00","3,50","3,00","5,25",#NULL!
841,"11,00",2,1,4,2,"1,00",4,"0,00","1,00","0,00","0,00","1,00","0,00","0,00","1,00","2,00","10,00","3,33","4,00","4,00","3,17","4,00","6,00","3,00"
6,"14,00",1,4,2,2,"1,00",3,"0,00","1,00","1,00","1,00","1,00","0,00","1,00","2,00","5,00","15,00","3,33","3,50","4,67","3,83","3,00","6,75",#NULL!
14,"14,00",1,4,2,2,"1,00",2,"1,00","1,00","1,00","1,00","1,00","0,00","1,00","9,00","6,00","10,00","4,00","4,25","4,67","3,83","3,67","5,75",#NULL!
18,"14,00",1,4,4,2,"1,00",5,"1,00","1,00","1,00","1,00","1,00","1,00","1,00","6,00","7,00","7,00","3,33","4,50","4,67","4,33","3,33","6,00","16,00"
34,"14,00",1,4,2,2,"1,00",2,"0,00","0,00","1,00","1,00","1,00","0,00","0,00","7,00","3,00","14,00","3,33","4,25","4,00","2,83","3,67","4,50",#NULL!
40,"15,00",1,4,2,2,"1,00",2,"0,00","0,00","1,00","1,00","1,00","0,00","0,00","7,00","3,00","7,00",#NULL!,"4,25","4,33","3,83","4,00","5,75","9,00"
42,"12,00",1,2,2,2,"1,00",3,"1,00","0,00","1,00","1,00","1,00","0,00","0,00","18,00","4,00","11,00",#NULL!,"3,75","5,00","4,00","4,00","6,00",#NULL!
92,"14,00",1,3,2,2,"1,00",1,"0,00","0,00","1,00","0,00","0,00","0,00","0,00","8,00","1,00","8,00",#NULL!,"3,75","3,67","4,00","4,00","5,75",#NULL!
154,"14,00",1,3,2,2,"1,00",2,"0,00","0,00","0,00","1,00","0,00","0,00","0,00","2,00","1,00","8,00","4,33","3,75","4,33","4,67","3,33","5,00","8,00"
187,"11,00",1,1,2,2,"1,00",2,"1,00","0,00","1,00","1,00","1,00","0,00","0,00","2,00","4,00","7,00",#NULL!,"4,50","3,67","4,50","5,00","4,00","5,00"
190,"14,00",1,3,4,2,"1,00",4,"0,00","0,00","1,00","1,00","1,00","0,00","0,00","5,00","3,00","9,00","4,00","4,00","4,33","4,17","4,00","5,75",#NULL!
273,"11,00",1,1,4,2,"1,00",2,"0,00","0,00","0,00","1,00","1,00","0,00","0,00","4,00","2,00","10,00",#NULL!,"4,00","4,00","4,50","4,00","6,00","9,00"
326,"12,00",1,2,6,2,"1,00",1,"0,00","0,00","0,00","1,00","0,00","0,00","0,00","2,00","1,00","13,00",#NULL!,"3,75","4,33","4,50","3,67","5,25",#NULL!
334,"14,00",1,4,2,2,"1,00",2,"1,00","0,00","1,00","1,00","1,00","0,00","0,00","18,00","4,00","12,00","4,00","3,75","3,67","3,33","3,33","5,00",#NULL!
350,"12,00",1,2,2,2,"1,00",3,"0,00","1,00","1,00","1,00","1,00","0,00","1,00","7,00","5,00","16,00",#NULL!,"4,25","4,33","4,67","3,67","5,25",#NULL!
361,"11,00",1,1,4,2,"1,00",2,"0,00","0,00","0,00","1,00","1,00","0,00","1,00","2,00","3,00","17,00","3,67","4,00","4,33","4,33","4,00","6,00","2,00"
394,"11,00",1,1,4,2,"1,00",2,"1,00","0,00","0,00","0,00","1,00","0,00","0,00","5,00","2,00","14,00","4,67","4,50","5,00","4,50","3,67","6,50","6,00"
424,"11,00",1,1,2,2,"1,00",2,"0,00","0,00","0,00","1,00","0,00","0,00","0,00","2,00","1,00","17,00",#NULL!,"4,00","4,00",#NULL!,"3,33","5,75",#NULL!
431,"13,00",1,3,4,2,"1,00",6,"0,00","0,00","0,00","1,00","0,00","0,00","0,00","6,00","1,00","11,00",#NULL!,"3,50","4,00","3,83","3,67","5,25","7,00"
465,"11,00",1,1,2,2,"1,00",4,"0,00","0,00","0,00","1,00","1,00","0,00","0,00","2,00","2,00","14,00","3,00",#NULL!,#NULL!,#NULL!,"5,00","5,00","8,00"
500,"11,00",1,1,2,2,"1,00",2,"0,00","0,00","0,00","1,00","1,00","0,00","0,00","4,00","2,00","15,00","4,33","4,25","2,00","3,00","3,33","3,75","12,00"
501,"14,00",1,4,4,2,"1,00",3,"0,00","0,00","1,00","1,00","1,00","0,00","0,00","9,00","3,00","13,00",#NULL!,"3,25","4,33","4,17","2,67","5,25",#NULL!
525,"15,00",1,4,3,2,"1,00",3,"0,00","0,00","0,00","0,00","1,00","0,00","0,00","7,00","1,00","14,00",#NULL!,"3,75","3,67","3,50","3,33","4,50","9,00"
529,"15,00",1,4,6,2,"1,00",6,"0,00","0,00","0,00","1,00","1,00","0,00","0,00","8,00","2,00","10,00","4,67","4,50","4,67","4,17","4,00","4,00","6,00"
535,"14,00",1,3,2,2,"1,00",1,"1,00","0,00","1,00","1,00","1,00","1,00","0,00","7,00","5,00","11,00",#NULL!,"4,00","3,67","3,67","3,00","4,75","7,00"
553,"14,00",1,3,2,2,"1,00",3,"0,00","0,00","0,00","0,00","1,00","0,00","0,00",#NULL!,"1,00","6,00","3,00","4,00","4,00","4,33","3,00","4,00",#NULL!
587,"13,00",1,3,4,2,"1,00",5,"1,00","0,00","0,00","1,00","1,00","0,00","1,00","15,00","4,00","10,00","2,67","4,00","4,00","4,00","3,67","5,00",#NULL!
614,"11,00",1,1,4,2,"1,00",1,"1,00","1,00","1,00","1,00","1,00","0,00","1,00","7,00","6,00","6,00",#NULL!,"4,50","4,67","4,50","4,00","6,50",#NULL!
615,"11,00",1,1,4,2,"1,00",1,#NULL!,#NULL!,#NULL!,#NULL!,#NULL!,#NULL!,#NULL!,#NULL!,#NULL!,"8,00",#NULL!,#NULL!,#NULL!,#NULL!,#NULL!,#NULL!,#NULL!
616,"12,00",1,2,4,2,"1,00",1,"0,00","0,00","0,00","1,00","1,00","1,00","0,00","1,00","3,00","19,00","2,00",#NULL!,"4,33","4,50","4,33","4,00","7,00"
680,"15,00",1,4,4,2,"1,00",3,"1,00","1,00","1,00","1,00","1,00","1,00","1,00",#NULL!,"7,00","8,00",#NULL!,#NULL!,"3,67","4,00","3,67","4,50",#NULL!
713,"11,00",1,1,4,2,"1,00",3,"1,00","1,00","1,00","1,00","1,00","1,00","1,00","12,00","7,00","11,00",#NULL!,"3,75","5,00","4,00","4,00","6,00",#NULL!
725,"12,00",1,1,6,2,"1,00",3,"1,00","0,00","1,00","1,00","1,00","1,00","1,00","3,00","6,00","15,00",#NULL!,"3,75","3,67",#NULL!,"3,00",#NULL!,"4,00"
757,"11,00",1,1,4,2,"1,00",3,"0,00","0,00","0,00","1,00","1,00","0,00","0,00","2,00","2,00","4,00",#NULL!,"3,75","4,67",#NULL!,"4,00","6,00",#NULL!
762,"11,00",1,1,6,2,"1,00",2,"0,00","0,00","1,00","0,00","0,00","0,00","1,00","5,00","2,00","9,00",#NULL!,"4,25","4,67",#NULL!,"4,00","7,00","7,00"
799,"14,00",1,4,4,2,"1,00",4,"0,00","0,00","1,00","1,00","1,00","0,00","1,00","6,00","4,00","10,00",#NULL!,"2,75","2,67","4,17","4,00","6,25",#NULL!
803,"15,00",1,4,2,2,"1,00",1,"0,00","0,00","0,00","1,00","1,00","0,00","0,00","15,00","2,00","10,00",#NULL!,"3,75","5,00",#NULL!,"3,33","5,75",#NULL!
804,"11,00",1,1,4,2,"1,00",2,"0,00","0,00","0,00","1,00","1,00","0,00","0,00","1,00","2,00","9,00",#NULL!,"2,50",#NULL!,"4,00","4,00","4,25",#NULL!
356,"15,00",#NULL!,4,4,1,"1,00",2,"1,00","0,00","0,00","0,00","0,00","0,00","0,00","1,00","1,00","12,00",#NULL!,"5,00","5,00","4,00","4,67","5,50","7,00"
348,"15,00",#NULL!,2,2,1,"1,00",4,"0,00","0,00","0,00","1,00","0,00","0,00","0,00","2,00","1,00","8,00",#NULL!,"4,00","4,67","4,00","3,67","4,75","6,00"
458,"14,00",#NULL!,4,3,1,"1,00",5,"0,00","0,00","0,00","1,00","1,00","1,00","0,00",#NULL!,"3,00","10,00",#NULL!,#NULL!,#NULL!,#NULL!,#NULL!,#NULL!,#NULL!
100,"13,00",2,1,2,1,"1,00",4,"1,00","0,00","0,00","0,00","1,00","0,00","1,00","2,00","3,00","6,00",#NULL!,"3,25","3,67","3,17","4,00","5,00",#NULL!
182,"12,00",2,2,4,1,"1,00",4,"1,00","0,00","0,00","0,00","0,00","0,00","0,00",#NULL!,"1,00","9,00",#NULL!,#NULL!,#NULL!,#NULL!,#NULL!,#NULL!,#NULL!
207,"15,00",2,4,2,1,"1,00",3,"1,00","1,00","1,00","0,00","0,00","0,00","0,00","3,00","3,00","13,00",#NULL!,"3,75","4,33","4,00","4,00","4,00","7,00"
208,"11,00",2,1,2,1,"1,00",1,"0,00","0,00","0,00","1,00","1,00","0,00","0,00",#NULL!,"2,00","4,00",#NULL!,"4,00","4,33","3,83","3,00","4,00","10,00"
243,"14,00",2,2,2,1,"1,00",4,"1,00","0,00","0,00","1,00","1,00","0,00","0,00","4,00","3,00","4,00",#NULL!,"4,00","4,67","4,17","3,33","5,75","7,00"
379,"11,00",2,1,5,1,"1,00",2,"1,00","1,00","0,00","0,00","0,00","0,00","1,00",#NULL!,"3,00","17,00",#NULL!,"3,75","3,67","3,83","3,00","5,00","7,00"
398,"12,00",2,2,2,1,"1,00",4,"0,00","1,00","1,00","1,00","1,00","0,00","1,00","5,00","5,00","12,00",#NULL!,"3,75","5,00","4,17","3,67","5,25",#NULL!
628,"12,00",2,2,4,1,"1,00",3,"0,00","0,00","0,00","1,00","1,00","0,00","1,00","5,00","3,00","16,00","3,33","4,50","3,67","3,83",#NULL!,"6,50",#NULL!
643,"11,00",2,1,2,1,"1,00",3,"1,00","0,00","0,00","0,00","1,00","0,00","1,00","1,00","3,00","5,00",#NULL!,"3,00","4,33","4,33","4,00","5,50",#NULL!
653,"11,00",2,1,2,1,"1,00",1,"1,00","0,00","0,00","1,00","1,00","0,00","1,00","10,00","4,00","17,00",#NULL!,"3,75","4,33","3,50","3,00","5,25",#NULL!
681,"15,00",2,3,4,1,"1,00",1,"0,00","0,00","0,00","0,00","1,00","0,00","0,00","2,00","1,00","3,00","3,33","4,75","5,00",#NULL!,"5,00","5,75","9,00"
809,"12,00",2,2,6,1,"1,00",5,"1,00","0,00","0,00","0,00","0,00","0,00","0,00",#NULL!,"1,00","7,00",#NULL!,"4,50","3,33","4,00","3,33","6,00",#NULL!
816,"15,00",2,4,6,1,"1,00",4,"0,00","0,00","1,00","1,00","1,00","0,00","0,00","6,00","3,00","9,00","4,33","4,25","4,33","3,67","3,67","6,00",#NULL!
7,"11,00",1,1,5,1,"1,00",2,"1,00","0,00","1,00","1,00","1,00","1,00","0,00","2,00","5,00","14,00",#NULL!,"3,25","4,00","3,33","2,67","4,50","7,00"
38,"12,00",1,2,4,1,"1,00",4,"0,00","1,00","0,00","0,00","0,00","0,00","0,00","3,00","1,00","11,00","1,67","3,75","2,67","4,17","3,67","3,50",#NULL!
49,"11,00",1,1,5,1,"1,00",3,"1,00","0,00","1,00","1,00","1,00","0,00","1,00","4,00","5,00","8,00",#NULL!,"3,25","4,33","3,67","4,00","5,75",#NULL!
53,"12,00",1,1,4,1,"1,00",2,"1,00","1,00","1,00","1,00","1,00","0,00","1,00","11,00","6,00","12,00",#NULL!,"5,00","5,00","4,33",#NULL!,"7,00","15,00"
96,"13,00",1,3,2,1,"1,00",5,"1,00","0,00","1,00","1,00","1,00","0,00","1,00",#NULL!,"5,00","8,00",#NULL!,"4,75","5,00","4,00","5,00","6,50","14,00"
97,"14,00",1,3,2,1,"1,00",5,"0,00","0,00","0,00","1,00","1,00","0,00","0,00","1,00","2,00","3,00",#NULL!,"3,25","4,00","4,83",#NULL!,"5,00","6,00"
156,"11,00",1,1,6,1,"1,00",3,"1,00","0,00","0,00","0,00","1,00","0,00","1,00","7,00","3,00","8,00",#NULL!,"4,25","3,67",#NULL!,"4,00","5,50",#NULL!
176,"13,00",1,3,2,1,"1,00",4,"0,00","0,00","0,00","1,00","1,00","0,00","0,00","1,00","2,00","7,00","3,67","4,00","4,33","3,83","4,33","5,75",#NULL!
180,"15,00",1,4,2,1,"1,00",5,"1,00","0,00","1,00","1,00","1,00","0,00","1,00","10,00","5,00","8,00","3,33","4,75","4,00","3,50","4,33","5,00",#NULL!
284,"12,00",1,1,2,1,"1,00",3,"0,00","0,00","0,00","1,00","1,00","0,00","1,00","2,00","3,00","8,00",#NULL!,"4,25","4,00","4,33","4,33","6,00",#NULL!
335,"14,00",1,2,6,1,"1,00",4,"0,00","0,00","0,00","1,00","1,00","0,00","0,00","5,00","2,00","4,00","3,33","3,75","4,00","3,33","2,67","3,50","6,00"
359,"13,00",1,3,2,1,"1,00",1,"1,00","0,00","0,00","0,00","0,00","0,00","1,00","8,00","2,00","6,00",#NULL!,"3,25","3,33","3,67","3,33","5,00",#NULL!
362,"13,00",1,2,2,1,"1,00",3,"0,00","1,00","0,00","1,00","1,00","0,00","0,00","4,00","3,00","12,00",#NULL!,"4,75","4,00","4,67","3,00","5,50","16,00"
407,"13,00",1,3,2,1,"1,00",4,"1,00","0,00","0,00","1,00","1,00","0,00","1,00","4,00","4,00","11,00",#NULL!,"4,50","3,67","4,33","4,33","5,50","13,00"
474,"14,00",1,4,2,1,"1,00",4,"0,00","0,00","0,00","1,00","1,00","0,00","1,00","15,00","3,00","8,00",#NULL!,"4,00","3,67","4,00","4,67","5,75","9,00"
526,"13,00",1,3,4,1,"1,00",6,"1,00","0,00","0,00","0,00","0,00","0,00","0,00",#NULL!,"1,00","9,00",#NULL!,#NULL!,#NULL!,#NULL!,#NULL!,#NULL!,#NULL!
733,"12,00",1,1,2,1,"1,00",4,"0,00","1,00","0,00","1,00","1,00","0,00","1,00","1,00","4,00","10,00","3,33","5,00","4,67","4,67","5,00","6,25",#NULL!
755,"12,00",1,2,6,1,"1,00",2,"0,00","0,00","1,00","1,00","1,00","0,00","1,00","4,00","4,00","8,00","3,33","4,50","5,00","4,17","4,00","6,50","11,00"
779,"11,00",1,1,2,1,"1,00",4,"0,00","1,00","0,00","0,00","0,00","0,00","1,00",#NULL!,"2,00","9,00",#NULL!,"4,50","4,67","4,50","5,00","6,50",#NULL!
792,"12,00",1,2,4,1,"1,00",3,"1,00","0,00","0,00","1,00","1,00","0,00","0,00","8,00","3,00","6,00","4,67","5,00","5,00","5,00","5,00","6,75",#NULL!
805,"12,00",1,2,2,1,"1,00",2,"0,00","0,00","1,00","1,00","1,00","0,00","1,00","5,00","4,00","8,00",#NULL!,"4,50","4,67","4,50","2,67","4,75","10,00"
830,"12,00",1,2,6,1,"1,00",2,"1,00","0,00","0,00","0,00","0,00","0,00","0,00","3,00","1,00","7,00","2,67","4,00","4,33","4,17","3,33","5,75","8,00"
831,"12,00",1,2,6,1,"1,00",4,"0,00","0,00","0,00","1,00","0,00","0,00","1,00","1,00","2,00","8,00","3,33","4,00","4,33","4,83","4,00","6,00",#NULL!
850,"12,00",1,2,4,1,"1,00",3,"0,00","0,00","1,00","1,00","1,00","0,00","0,00","3,00","3,00","8,00",#NULL!,"4,25","4,67","3,83","3,67","5,25",#NULL!
239,"14,00",2,4,2,#NULL!,#NULL!,2,"0,00","0,00","1,00","1,00","1,00","0,00","0,00",#NULL!,"3,00","6,00","3,33","4,25","2,67","4,17","4,33","6,50","16,00"
337,"14,00",2,4,2,#NULL!,#NULL!,2,"0,00","0,00","0,00","1,00","1,00","0,00",#NULL!,"3,00",#NULL!,"16,00","3,67","4,50","5,00","3,83","3,67","4,50","5,00"
439,"14,00",2,3,2,#NULL!,#NULL!,4,"0,00","0,00","0,00","1,00","0,00","0,00",#NULL!,#NULL!,#NULL!,"17,00",#NULL!,"4,50","5,00","3,50","4,00","4,50",#NULL!
518,"12,00",2,2,2,#NULL!,#NULL!,4,"0,00","0,00","0,00","1,00","0,00","0,00","1,00","12,00","2,00",#NULL!,#NULL!,"3,75","4,67","4,17",#NULL!,"6,75","12,00"
572,"15,00",2,4,2,#NULL!,#NULL!,2,"0,00","0,00","1,00","1,00","1,00","0,00","0,00","8,00","3,00","23,00","4,33","3,25","4,33","3,83","4,00","5,50",#NULL!
612,"15,00",2,1,4,#NULL!,#NULL!,4,"0,00","1,00","0,00","1,00","0,00","0,00",#NULL!,#NULL!,#NULL!,"2,00",#NULL!,"3,00",#NULL!,#NULL!,"3,00",#NULL!,"4,00"
668,"14,00",2,3,4,#NULL!,#NULL!,2,"1,00","0,00","0,00","0,00","0,00","0,00","1,00","2,00","2,00","5,00",#NULL!,"3,25","3,67",#NULL!,#NULL!,"3,75","4,00"
677,"12,00",2,2,4,#NULL!,#NULL!,4,"0,00","1,00","1,00","1,00","1,00","0,00","1,00","6,00","5,00","10,00","4,00",#NULL!,"4,00",#NULL!,"3,00","6,00",#NULL!
703,"11,00",2,1,2,#NULL!,#NULL!,3,"0,00","1,00","0,00","1,00","1,00","0,00","0,00","4,00","3,00","9,00",#NULL!,#NULL!,"3,00","3,50",#NULL!,"6,75","15,00"
707,"11,00",2,1,#NULL!,#NULL!,#NULL!,#NULL!,#NULL!,#NULL!,#NULL!,#NULL!,#NULL!,#NULL!,#NULL!,#NULL!,#NULL!,#NULL!,#NULL!,#NULL!,#NULL!,#NULL!,#NULL!,#NULL!,#NULL!
729,"12,00",2,1,1,#NULL!,#NULL!,#NULL!,#NULL!,#NULL!,#NULL!,#NULL!,#NULL!,#NULL!,#NULL!,#NULL!,#NULL!,#NULL!,#NULL!,#NULL!,#NULL!,#NULL!,#NULL!,#NULL!,#NULL!
738,"11,00",2,1,2,#NULL!,#NULL!,#NULL!,#NULL!,#NULL!,#NULL!,#NULL!,#NULL!,#NULL!,#NULL!,#NULL!,#NULL!,#NULL!,#NULL!,#NULL!,#NULL!,#NULL!,#NULL!,#NULL!,#NULL!
745,"14,00",2,3,4,#NULL!,#NULL!,3,"1,00","1,00","0,00","1,00","1,00","0,00","0,00","1,00","4,00","10,00","4,00","5,00","4,67","4,17","4,67","5,75","12,00"
219,"14,00",1,4,2,#NULL!,#NULL!,4,"1,00","0,00","0,00","1,00","1,00","0,00","0,00","10,00","3,00","11,00","4,00","3,75","4,33","4,17","2,67","6,50","2,00"
226,"11,00",1,1,5,#NULL!,#NULL!,6,"1,00","0,00","0,00","0,00","0,00","1,00","1,00","1,00","3,00","15,00","4,33",#NULL!,"5,00",#NULL!,#NULL!,"2,75","5,00"
255,"11,00",1,1,2,#NULL!,#NULL!,3,"0,00","1,00","0,00","1,00","1,00","0,00","1,00","4,00","4,00","17,00","4,00","3,50","3,67","4,00",#NULL!,"5,25","6,00"
290,"14,00",1,3,4,#NULL!,#NULL!,2,"0,00","0,00","0,00","1,00","1,00","0,00","0,00","12,00","2,00","12,00","4,00","4,00","4,00","4,00","3,33","4,25","9,00"
316,"14,00",1,4,2,#NULL!,#NULL!,4,"1,00","0,00","1,00","1,00","1,00","0,00","1,00","6,00","5,00","19,00","3,67","4,50","4,67","4,17","4,00","5,75",#NULL!
470,"14,00",1,4,2,#NULL!,#NULL!,2,"1,00","0,00","0,00","1,00","1,00","0,00","0,00","6,00","3,00","9,00","3,33","3,50","3,00",#NULL!,"3,67",#NULL!,#NULL!
537,"14,00",1,4,2,#NULL!,#NULL!,3,"0,00","0,00","1,00","1,00","1,00","0,00","1,00","12,00","4,00","15,00","3,33","4,50","4,67","4,33","4,00","5,50","3,00"
654,"13,00",1,2,#NULL!,#NULL!,#NULL!,#NULL!,#NULL!,#NULL!,#NULL!,#NULL!,#NULL!,#NULL!,#NULL!,#NULL!,#NULL!,#NULL!,#NULL!,#NULL!,#NULL!,#NULL!,#NULL!,#NULL!,#NULL!
823,"13,00",1,3,#NULL!,#NULL!,#NULL!,#NULL!,#NULL!,#NULL!,#NULL!,#NULL!,#NULL!,#NULL!,#NULL!,#NULL!,#NULL!,#NULL!,"3,33","4,00","4,00","3,67","3,33","5,75",#NULL!
826,"11,00",1,1,#NULL!,#NULL!,#NULL!,#NULL!,#NULL!,#NULL!,#NULL!,#NULL!,#NULL!,#NULL!,#NULL!,#NULL!,#NULL!,#NULL!,#NULL!,#NULL!,#NULL!,#NULL!,#NULL!,#NULL!,#NULL!