id_user,ds_user_city,ds_institution,ts_firstaccess,ts_lastaccess,n_days_since_firstaccess,n_days_since_lastaccess,n_assignments_flagged,n_assignments_mapped,n_forum_discussions_posted,n_quiz_abandoned,n_quiz_finished,vl_avg_quiz_speed,vl_avg_graded_quiz_speed,vl_quiz_performance,n_interval_using,n_days_using,vl_avg_daily_activity,vl_user_engagement_by_interval,vl_user_engagement_intra_day,n_user_interactions,n_days_discussion_engagement,n_days_quiz_engagement,n_discussion_engagement,n_quiz_engagement,n_questions_answered,n_questions_rigth,n_questions_wrong,n_questions_partial,vl_user_performance,vl_avg_questions_by_day,vl_grades_engagement,n_items_graded,n_items_not_responded,vl_grade_average,n_code_submissions,vl_avg_code_submissions,vl_submissions_by_days_active
6,Passo Fundo,,1658496011,1694022170,416,5,0,9,9,3,2,224.0000,224.0000,38.888888888,411,191,137.7257,46.3592,297.0838,191,64,133,289,4558,20,9,5,0,1.000000000,NULL,NULL,1,276,1.0000000000000,0,NULL,NULL
9,Porto Alegre,,1658496419,1693599050,416,10,0,3,11,0,4,127.5000,166.3333,4.508196721,406,194,50.9140,47.6658,106.8144,194,30,72,192,1429,15,9,4,1,0.361878453,0.0409,0.0252,13,451,0.5897435897436,61,0.3697,3.8125
138,Passo Fundo,,1661452408,1694469639,382,0,0,0,0,0,0,NULL,NULL,NULL,382,71,5.4334,18.5379,29.3099,71,3,25,22,420,1,0,0,0,NULL,NULL,NULL,0,214,NULL,0,NULL,NULL
141,porto alegre,,1660757582,1694455603,390,0,0,35,9,0,1,20.0000,20.0000,17.857142857,390,181,47.8875,46.2916,103.4475,181,16,61,73,1660,6,1,0,0,1.000000000,NULL,NULL,1,263,1.0000000000000,0,NULL,NULL
155,Brasília,,1661376457,1692652968,383,21,11,27,2,0,27,134816.2593,363847.7000,80.868085106,362,55,5.7190,15.1515,37.7455,55,12,37,31,837,342,290,21,9,0.374641260,0.2092,0.1172,50,141,0.4298483933333,0,NULL,NULL
172,Feliz,,1661457051,1667592673,382,311,0,10,1,3,16,41043.7500,111.2500,33.333333333,71,32,15.6250,44.4444,35.1563,32,7,15,28,470,145,112,9,0,NULL,NULL,NULL,0,0,NULL,0,NULL,NULL
198,Nova Petrópolis,,1661542019,1662149939,381,374,0,14,0,0,1,170.0000,NULL,NULL,131,3,0.2879,NULL,NULL,3,0,1,0,19,7,5,0,0,0.133333333,0.3061,0.1633,15,144,0.1333333333333,0,NULL,NULL
237,Dois Irmãos ,,1661531319,1671222191,381,269,5,14,3,2,26,40820.1923,131692.3750,80.807228915,283,55,7.2289,19.3662,37.3273,55,8,32,25,951,345,276,8,0,0.532771454,0.3469,0.2245,34,125,0.5887598137255,0,NULL,NULL
257,Gramado,,1661542254,1667580227,381,311,0,14,0,0,7,162.8571,NULL,NULL,300,16,1.2027,5.3156,22.6250,16,0,9,0,152,49,35,0,0,0.636363636,0.1964,0.1607,11,148,0.6363636363636,0,NULL,NULL
426,Fortaleza,,1663352727,1671533068,360,265,0,1,3,0,6,72.0000,NULL,NULL,342,48,11.9213,13.9942,85.1875,48,9,16,27,150,18,6,0,0,0.000000000,NULL,NULL,1,48,0.0000000000000,0,NULL,NULL
533,Fortaleza ,,1663952057,1663960419,353,353,0,1,0,0,0,NULL,NULL,NULL,321,2,0.1708,NULL,NULL,2,1,0,2,0,0,0,0,0,0.000000000,NULL,NULL,1,2,0.0000000000000,0,NULL,NULL
1806,fortaleza,,1665425670,1670959186,336,272,0,14,0,0,2,1880.5000,NULL,NULL,64,9,4.6769,NULL,NULL,9,0,3,0,175,82,82,0,0,1.000000000,NULL,NULL,8,46,1.0000000000000,0,NULL,NULL
1869,Fortaleza CE,,1665497131,1665498875,335,335,0,0,0,0,0,NULL,NULL,NULL,307,2,0.0357,NULL,NULL,2,0,0,0,0,0,0,0,0,0.924242433,0.3750,0.3750,3,42,0.9242424333333,0,NULL,NULL
2045,Fortaleza ceará ,,1665769139,1671486370,332,266,0,1,0,0,4,64.0000,NULL,NULL,66,13,6.3731,19.4030,32.8462,13,3,4,13,67,18,4,0,0,0.000000000,NULL,NULL,1,2,0.0000000000000,0,NULL,NULL
2222,Fortaleza ce,,1666091686,1666093172,328,328,0,0,0,0,0,NULL,NULL,NULL,0,1,16.0000,NULL,NULL,1,0,0,0,0,0,0,0,0,NULL,NULL,NULL,0,0,NULL,0,NULL,NULL
3293,Passo Fundo ,,1667501243,1694451399,312,0,1,48,39,0,7,111.8571,93.2000,6.203995793,312,181,110.8850,57.8275,191.7514,181,58,88,619,1944,18,13,1,1,0.776923077,0.0267,0.0267,4,716,0.6375000000000,7,NULL,7.0000
3680,fortaleza,,1668077732,1668083176,305,305,0,0,0,0,1,2629.0000,2629.0000,NULL,273,4,0.4051,NULL,NULL,4,0,1,0,86,37,14,10,0,0.767437500,NULL,NULL,2,43,0.6899166666667,0,NULL,NULL
5320,Rio Pardo - RS,,1672424588,1692747712,255,20,0,0,0,0,5,20472.2000,25557.7500,87.819875776,235,4,0.9873,NULL,NULL,4,0,3,0,175,109,94,8,5,0.904260870,0.0128,0.0085,3,63,0.9193888888889,0,NULL,NULL
5862,Blumenau ,,1675436449,1693433737,220,12,0,12,0,0,0,NULL,NULL,NULL,208,3,0.1866,NULL,NULL,3,0,0,0,0,0,0,0,0,NULL,NULL,NULL,0,90,NULL,0,NULL,NULL
6219,,,1678214561,1678215329,188,188,0,0,0,0,0,NULL,NULL,NULL,0,1,24.0000,NULL,NULL,1,1,0,1,0,0,0,0,0,NULL,NULL,NULL,0,0,NULL,0,NULL,NULL
6221,Caxias do sul ,,1678221885,1678231560,188,188,0,0,0,0,0,NULL,NULL,NULL,0,1,20.0000,NULL,NULL,1,0,0,0,0,0,0,0,0,NULL,NULL,NULL,0,0,NULL,0,NULL,NULL
6249,Lagoa Vermelha/RS,,1678371916,1693846818,186,7,0,0,3,0,17,15294.0588,170.0000,71.666666666,179,44,12.4889,24.4444,51.0909,44,20,21,123,384,115,89,17,2,0.919434207,0.1564,0.0503,28,58,0.9220238214286,0,NULL,NULL
6460,Esteio,,1678998712,1694468507,179,0,0,0,0,0,4,84128.7500,84128.7500,NULL,179,9,2.6167,NULL,NULL,9,3,6,13,129,114,79,29,2,0.982608696,0.6111,0.2222,11,52,0.9818181818182,0,NULL,NULL
6476,,,1679009073,1692985859,179,17,0,0,0,0,0,NULL,NULL,NULL,162,3,0.2945,NULL,NULL,3,0,0,0,0,0,0,0,0,NULL,NULL,NULL,0,0,NULL,0,NULL,NULL
6966,Lagoa Vermelha,,1682091438,1682091579,143,143,0,0,0,0,0,NULL,NULL,NULL,0,1,16.0000,NULL,NULL,1,0,0,0,0,0,0,0,0,NULL,NULL,NULL,0,0,NULL,0,NULL,NULL
7782,Passo Fundo,,1683672345,1692130044,125,27,0,0,0,1,1,35.0000,35.0000,NULL,98,3,0.5354,NULL,NULL,3,0,2,0,24,4,1,0,0,1.000000000,NULL,NULL,1,62,1.0000000000000,0,NULL,NULL
8600,,,1685035200,1690225057,109,49,0,0,0,0,0,NULL,NULL,NULL,60,3,1.3443,NULL,NULL,3,1,0,3,0,0,0,0,0,NULL,NULL,NULL,0,0,NULL,0,NULL,NULL
9884,,,1688179613,1690986308,73,40,0,0,0,0,46,51944.0000,53096.4667,82.126642294,33,18,80.7059,52.9412,152.4444,18,9,13,62,1257,139,132,25,3,0.935679072,1.1250,0.2500,36,14,0.9342834259259,6,1.5000,3.0000
10339,,,1689459973,1692884656,58,18,0,0,0,0,0,NULL,NULL,NULL,40,3,0.6341,NULL,NULL,3,0,0,0,0,0,0,0,0,NULL,NULL,NULL,0,0,NULL,0,NULL,NULL
10363,,,1689612221,1693937636,56,6,0,0,0,0,4,1835.2500,1835.2500,89.729729729,50,26,21.4706,50.9804,42.1154,26,6,10,28,179,62,51,8,1,0.991836735,0.5250,0.3250,21,42,0.9904761904762,47,6.7143,15.6667
10483,,,1690288274,1694366405,48,1,0,0,0,0,2,2518.0000,2518.0000,NULL,47,29,16.0000,60.4167,26.4828,29,6,7,26,112,58,52,2,1,0.989898970,0.3721,0.2558,16,47,0.9895833125000,0,NULL,NULL
10502,Passo Fundo,,1692119556,1693484090,27,11,0,0,0,0,0,NULL,NULL,NULL,27,3,2.3571,NULL,NULL,3,0,0,0,0,0,0,0,0,NULL,NULL,NULL,0,0,NULL,6,NULL,6.0000
10503,Passo Fundo,,1692463467,1693754964,23,8,0,0,0,0,2,798.5000,798.5000,NULL,15,2,5.9375,NULL,NULL,2,1,2,1,44,59,50,5,1,0.964285714,NULL,NULL,3,60,0.9583333333333,0,NULL,NULL
10504,Passo Fundo,,1690409938,1690409938,47,47,0,0,0,0,0,NULL,NULL,NULL,0,1,5.0000,NULL,NULL,1,0,0,0,0,0,0,0,0,NULL,NULL,NULL,0,0,NULL,0,NULL,NULL
10505,Passo Fundo,,1690811011,1690811011,42,42,0,0,0,0,0,NULL,NULL,NULL,0,1,7.0000,NULL,NULL,1,0,0,0,0,0,0,0,0,NULL,NULL,NULL,0,0,NULL,0,NULL,NULL
10506,Passo Fundo,,1690401218,1690401376,47,47,0,0,0,0,0,NULL,NULL,NULL,0,1,10.0000,NULL,NULL,1,0,1,0,3,0,0,0,0,NULL,NULL,NULL,0,0,NULL,0,NULL,NULL
10507,Passo Fundo,,1690396923,1690482277,47,46,0,0,0,0,1,33.0000,33.0000,NULL,1,2,20.0000,NULL,NULL,2,0,1,0,12,0,1,0,0,1.000000000,NULL,NULL,1,62,1.0000000000000,0,NULL,NULL
10508,Passo Fundo,,1690400281,1694258886,47,2,0,0,1,0,5,8054.0000,8054.0000,82.727272727,45,31,44.9348,67.3913,66.6774,31,10,14,60,266,62,49,12,1,0.997549020,0.5500,0.3000,22,41,0.9971590909091,84,7.0000,16.8000
10509,Passo Fundo,,0,0,19612,19612,0,0,0,0,0,NULL,NULL,NULL,NULL,0,NULL,NULL,NULL,0,0,0,0,0,0,0,0,0,NULL,NULL,NULL,0,0,NULL,0,NULL,NULL
10510,Passo Fundo,,1690396599,1690398743,47,47,0,0,0,0,0,NULL,NULL,NULL,0,1,5.0000,NULL,NULL,1,0,0,0,0,0,0,0,0,NULL,NULL,NULL,0,0,NULL,0,NULL,NULL
10511,Passo Fundo,,1690859824,1693072277,41,16,0,0,0,0,2,432769.5000,432769.5000,NULL,25,8,9.8846,NULL,NULL,8,3,5,10,123,60,46,10,1,1.000000000,0.6875,0.3125,11,52,1.0000000000000,0,NULL,NULL
10512,Passo Fundo,,0,0,19612,19612,0,0,0,0,0,NULL,NULL,NULL,0,1,1.0000,NULL,NULL,1,0,0,0,0,0,0,0,0,NULL,NULL,NULL,0,0,NULL,0,NULL,NULL
10513,Passo Fundo,,0,0,19612,19612,0,0,0,0,0,NULL,NULL,NULL,NULL,0,NULL,NULL,NULL,0,0,0,0,0,0,0,0,0,NULL,NULL,NULL,0,0,NULL,0,NULL,NULL
10516,,,1690467641,1691542816,46,34,0,0,0,0,2,340825.0000,340825.0000,NULL,12,4,6.6923,NULL,NULL,4,1,3,1,49,61,52,6,0,1.000000000,NULL,NULL,1,62,1.0000000000000,0,NULL,NULL
10521,,,0,0,19612,19612,0,0,0,0,0,NULL,NULL,NULL,NULL,0,NULL,NULL,NULL,0,0,0,0,0,0,0,0,0,NULL,NULL,NULL,0,0,NULL,0,NULL,NULL
10530,,,1690662696,1690662696,44,44,0,0,0,0,0,NULL,NULL,NULL,0,1,5.0000,NULL,NULL,1,0,0,0,0,0,0,0,0,NULL,NULL,NULL,0,0,NULL,0,NULL,NULL
10560,,,1690808687,1694466059,42,0,0,0,0,0,0,NULL,NULL,NULL,42,13,1.9070,30.2326,6.3077,13,0,0,0,0,0,0,0,0,NULL,NULL,NULL,0,0,NULL,0,NULL,NULL
10566,Passo Fundo,,1691438365,1691440004,35,35,0,0,0,0,2,776.5000,776.5000,NULL,0,1,48.0000,NULL,NULL,1,0,1,0,35,61,52,5,1,1.000000000,NULL,NULL,1,62,1.0000000000000,0,NULL,NULL
10567,Passo Fundo,,0,0,19612,19612,0,0,0,0,0,NULL,NULL,NULL,NULL,0,NULL,NULL,NULL,0,0,0,0,0,0,0,0,0,NULL,NULL,NULL,0,0,NULL,0,NULL,NULL
10568,Passo Fundo,,1691157633,1693837707,38,7,0,0,0,0,2,2244.0000,2244.0000,NULL,31,2,3.0313,NULL,NULL,2,1,1,1,78,58,54,3,0,1.000000000,NULL,NULL,1,62,1.0000000000000,0,NULL,NULL
10569,Passo Fundo,,0,0,19612,19612,0,0,0,0,0,NULL,NULL,NULL,NULL,0,NULL,NULL,NULL,0,0,0,0,0,0,0,0,0,NULL,NULL,NULL,0,0,NULL,0,NULL,NULL
10570,Passo Fundo,,1690829780,1693349411,42,13,0,0,0,0,2,914.0000,914.0000,NULL,29,6,5.7000,NULL,NULL,6,3,3,9,62,59,53,2,1,0.944545467,0.4118,0.2353,7,56,0.9405844285714,0,NULL,NULL
10571,Passo Fundo,,1690827091,1690827413,42,42,0,0,0,0,0,NULL,NULL,NULL,0,1,7.0000,NULL,NULL,1,0,0,0,0,0,0,0,0,NULL,NULL,NULL,0,0,NULL,0,NULL,NULL
10572,Passo Fundo,,0,0,19612,19612,0,0,0,0,0,NULL,NULL,NULL,NULL,0,NULL,NULL,NULL,0,0,0,0,0,0,0,0,0,NULL,NULL,NULL,0,0,NULL,0,NULL,NULL
10573,Passo Fundo,,0,0,19612,19612,0,0,0,0,0,NULL,NULL,NULL,NULL,0,NULL,NULL,NULL,0,0,0,0,0,0,0,0,0,NULL,NULL,NULL,0,0,NULL,0,NULL,NULL
10574,Passo Fundo,,1691006627,1693310689,40,13,0,0,0,0,2,584.5000,584.5000,NULL,27,4,3.0357,NULL,NULL,4,0,1,0,32,58,51,3,1,1.000000000,0.1600,0.0800,4,59,1.0000000000000,0,NULL,NULL
10575,Passo Fundo,,0,0,19612,19612,0,0,0,0,0,NULL,NULL,NULL,NULL,0,NULL,NULL,NULL,0,0,0,0,0,0,0,0,0,NULL,NULL,NULL,0,0,NULL,0,NULL,NULL
10576,Passo Fundo,,0,0,19612,19612,0,0,0,0,0,NULL,NULL,NULL,NULL,0,NULL,NULL,NULL,0,0,0,0,0,0,0,0,0,NULL,NULL,NULL,0,0,NULL,0,NULL,NULL
10577,Passo Fundo,,0,0,19612,19612,0,0,0,0,0,NULL,NULL,NULL,NULL,0,NULL,NULL,NULL,0,0,0,0,0,0,0,0,0,NULL,NULL,NULL,0,0,NULL,0,NULL,NULL
10578,Passo Fundo,,0,0,19612,19612,0,0,0,0,0,NULL,NULL,NULL,NULL,0,NULL,NULL,NULL,0,0,0,0,0,0,0,0,0,NULL,NULL,NULL,0,0,NULL,0,NULL,NULL
10579,Passo Fundo,,1690915597,1692990127,41,17,0,0,0,0,0,NULL,NULL,NULL,24,2,0.2000,NULL,NULL,2,0,0,0,0,0,0,0,0,NULL,NULL,NULL,0,0,NULL,0,NULL,NULL
10580,Passo Fundo,,0,0,19612,19612,0,0,0,0,0,NULL,NULL,NULL,NULL,0,NULL,NULL,NULL,0,0,0,0,0,0,0,0,0,NULL,NULL,NULL,0,0,NULL,0,NULL,NULL
10581,Passo Fundo,,1692140041,1692141847,27,27,0,0,0,0,1,98.0000,98.0000,NULL,0,1,51.0000,NULL,NULL,1,0,1,0,36,50,1,0,0,1.000000000,NULL,NULL,1,62,1.0000000000000,0,NULL,NULL
10582,Passo Fundo,,0,0,19612,19612,0,0,0,0,0,NULL,NULL,NULL,NULL,0,NULL,NULL,NULL,0,0,0,0,0,0,0,0,0,NULL,NULL,NULL,0,0,NULL,0,NULL,NULL
10583,Passo Fundo,,0,0,19612,19612,0,0,0,0,0,NULL,NULL,NULL,NULL,0,NULL,NULL,NULL,0,0,0,0,0,0,0,0,0,NULL,NULL,NULL,0,0,NULL,0,NULL,NULL
10584,Passo Fundo,,1691512763,1691516350,34,34,0,0,0,0,1,49.0000,49.0000,NULL,0,1,36.0000,NULL,NULL,1,0,1,0,24,44,1,0,0,1.000000000,NULL,NULL,1,62,1.0000000000000,0,NULL,NULL
10696,Passo Fundo,,1691010858,1694469816,40,0,0,0,0,0,2,4591.5000,4591.5000,NULL,40,18,11.0732,43.9024,25.2222,18,3,5,8,117,58,49,6,1,1.000000000,0.2250,0.1500,9,54,1.0000000000000,0,NULL,NULL
10697,Passo Fundo,,1691070129,1691073849,39,39,0,0,0,0,0,NULL,NULL,NULL,0,1,10.0000,NULL,NULL,1,0,1,0,3,0,0,0,0,NULL,NULL,NULL,0,0,NULL,0,NULL,NULL
10698,Passo Fundo,,0,0,19612,19612,0,0,0,0,0,NULL,NULL,NULL,NULL,0,NULL,NULL,NULL,0,0,0,0,0,0,0,0,0,NULL,NULL,NULL,0,0,NULL,0,NULL,NULL
10699,Passo Fundo,,1691009556,1692746100,40,20,0,0,0,0,3,372.6667,552.5000,NULL,20,2,2.8095,NULL,NULL,2,0,2,0,39,60,45,11,1,1.000000000,NULL,NULL,1,62,1.0000000000000,0,NULL,NULL
10700,Passo Fundo,,0,0,19612,19612,0,0,0,0,0,NULL,NULL,NULL,NULL,0,NULL,NULL,NULL,0,0,0,0,0,0,0,0,0,NULL,NULL,NULL,0,0,NULL,0,NULL,NULL
10735,Passo Fundo,,0,0,19612,19612,0,0,0,0,0,NULL,NULL,NULL,NULL,0,NULL,NULL,NULL,0,0,0,0,0,0,0,0,0,NULL,NULL,NULL,0,0,NULL,0,NULL,NULL
11099,Passo Fundo,,0,0,19612,19612,0,0,0,0,0,NULL,NULL,NULL,NULL,0,NULL,NULL,NULL,0,0,0,0,0,0,0,0,0,NULL,NULL,NULL,0,0,NULL,0,NULL,NULL
11100,Passo Fundo,,0,0,19612,19612,0,0,0,0,0,NULL,NULL,NULL,NULL,0,NULL,NULL,NULL,0,0,0,0,0,0,0,0,0,NULL,NULL,NULL,0,0,NULL,0,NULL,NULL
11101,Passo Fundo,,1691607939,1691608000,33,33,0,0,0,0,0,NULL,NULL,NULL,0,1,5.0000,NULL,NULL,1,0,0,0,0,0,0,0,0,NULL,NULL,NULL,0,0,NULL,0,NULL,NULL
11102,Passo Fundo,,0,0,19612,19612,0,0,0,0,0,NULL,NULL,NULL,NULL,0,NULL,NULL,NULL,0,0,0,0,0,0,0,0,0,NULL,NULL,NULL,0,0,NULL,0,NULL,NULL
11229,Passo Fundo,,1692131960,1693350510,27,13,0,0,0,0,2,225979.5000,225979.5000,NULL,14,6,7.4667,NULL,NULL,6,0,3,0,60,59,45,11,1,1.000000000,0.3333,0.3333,2,61,1.0000000000000,0,NULL,NULL
11656,Passo Fundo,,1692192492,1692192651,26,26,0,0,0,0,0,NULL,NULL,NULL,7,3,1.0000,NULL,NULL,3,0,0,0,0,0,0,0,0,NULL,NULL,NULL,0,0,NULL,0,NULL,NULL
11657,Passo Fundo,,1693183407,1694374999,15,1,0,0,0,0,2,902.0000,902.0000,NULL,18,6,15.3158,NULL,NULL,6,4,2,22,43,60,47,9,1,0.984006741,0.9286,0.3571,13,50,0.9833916153846,0,NULL,NULL
11658,Passo Fundo,,0,0,19612,19612,0,0,0,0,0,NULL,NULL,NULL,NULL,0,NULL,NULL,NULL,0,0,0,0,0,0,0,0,0,NULL,NULL,NULL,0,0,NULL,0,NULL,NULL
11659,Passo Fundo,,0,0,19612,19612,0,0,0,0,0,NULL,NULL,NULL,NULL,0,NULL,NULL,NULL,0,0,0,0,0,0,0,0,0,NULL,NULL,NULL,0,0,NULL,0,NULL,NULL
11736,Passo Fundo,,0,0,19612,19612,0,0,0,0,0,NULL,NULL,NULL,NULL,0,NULL,NULL,NULL,0,0,0,0,0,0,0,0,0,NULL,NULL,NULL,0,0,NULL,0,NULL,NULL
11913,Passo Fundo,,1693172957,1693280415,15,13,0,0,0,0,3,32156.0000,32156.0000,NULL,2,3,34.0000,NULL,NULL,3,1,3,1,70,58,51,4,1,1.000000000,NULL,NULL,1,62,1.0000000000000,0,NULL,NULL
11914,Passo Fundo,,0,0,19612,19612,0,0,0,0,0,NULL,NULL,NULL,NULL,0,NULL,NULL,NULL,0,0,0,0,0,0,0,0,0,NULL,NULL,NULL,0,0,NULL,0,NULL,NULL
11915,Passo Fundo,,0,0,19612,19612,0,0,0,0,0,NULL,NULL,NULL,NULL,0,NULL,NULL,NULL,0,0,0,0,0,0,0,0,0,NULL,NULL,NULL,0,0,NULL,0,NULL,NULL
11916,Passo Fundo,,0,0,19612,19612,0,0,0,0,0,NULL,NULL,NULL,NULL,0,NULL,NULL,NULL,0,0,0,0,0,0,0,0,0,NULL,NULL,NULL,0,0,NULL,0,NULL,NULL
11917,Passo Fundo,,0,0,19612,19612,0,0,0,0,0,NULL,NULL,NULL,NULL,0,NULL,NULL,NULL,0,0,0,0,0,0,0,0,0,NULL,NULL,NULL,0,0,NULL,0,NULL,NULL
11918,Passo Fundo,,0,0,19612,19612,0,0,0,0,0,NULL,NULL,NULL,NULL,0,NULL,NULL,NULL,0,0,0,0,0,0,0,0,0,NULL,NULL,NULL,0,0,NULL,0,NULL,NULL
11919,Passo Fundo,,1692391113,1692391646,24,24,0,0,0,0,0,NULL,NULL,NULL,0,1,6.0000,NULL,NULL,1,0,0,0,0,0,0,0,0,NULL,NULL,NULL,0,0,NULL,0,NULL,NULL
11920,Passo Fundo,,1692388682,1692388825,24,24,0,0,0,0,0,NULL,NULL,NULL,0,1,4.0000,NULL,NULL,1,0,0,0,0,0,0,0,0,NULL,NULL,NULL,0,0,NULL,0,NULL,NULL
12109,,,1692624634,1693574329,21,10,0,0,0,0,0,NULL,NULL,NULL,11,4,2.6667,NULL,NULL,4,0,0,0,0,0,0,0,0,NULL,NULL,NULL,0,0,NULL,0,NULL,NULL
12110,,,1692624817,1692624893,21,21,0,0,0,0,0,NULL,NULL,NULL,0,1,5.0000,NULL,NULL,1,0,0,0,0,0,0,0,0,NULL,NULL,NULL,0,0,NULL,0,NULL,NULL
12168,Passo Fundo,,0,0,19612,19612,0,0,0,0,0,NULL,NULL,NULL,NULL,0,NULL,NULL,NULL,0,0,0,0,0,0,0,0,0,NULL,NULL,NULL,0,0,NULL,0,NULL,NULL
12169,Passo Fundo,,0,0,19612,19612,0,0,0,0,0,NULL,NULL,NULL,NULL,0,NULL,NULL,NULL,0,0,0,0,0,0,0,0,0,NULL,NULL,NULL,0,0,NULL,0,NULL,NULL
12170,Passo Fundo,,0,0,19612,19612,0,0,0,0,0,NULL,NULL,NULL,NULL,0,NULL,NULL,NULL,0,0,0,0,0,0,0,0,0,NULL,NULL,NULL,0,0,NULL,0,NULL,NULL
12171,Passo Fundo,,0,0,19612,19612,0,0,0,0,0,NULL,NULL,NULL,NULL,0,NULL,NULL,NULL,0,0,0,0,0,0,0,0,0,NULL,NULL,NULL,0,0,NULL,0,NULL,NULL
12172,Passo Fundo,,0,0,19612,19612,0,0,0,0,0,NULL,NULL,NULL,NULL,0,NULL,NULL,NULL,0,0,0,0,0,0,0,0,0,NULL,NULL,NULL,0,0,NULL,0,NULL,NULL
12173,Passo Fundo,,0,0,19612,19612,0,0,0,0,0,NULL,NULL,NULL,NULL,0,NULL,NULL,NULL,0,0,0,0,0,0,0,0,0,NULL,NULL,NULL,0,0,NULL,0,NULL,NULL
12174,Passo Fundo,,0,0,19612,19612,0,0,0,0,0,NULL,NULL,NULL,NULL,0,NULL,NULL,NULL,0,0,0,0,0,0,0,0,0,NULL,NULL,NULL,0,0,NULL,0,NULL,NULL
12175,Passo Fundo,,0,0,19612,19612,0,0,0,0,0,NULL,NULL,NULL,NULL,0,NULL,NULL,NULL,0,0,0,0,0,0,0,0,0,NULL,NULL,NULL,0,0,NULL,0,NULL,NULL
12176,Passo Fundo,,0,0,19612,19612,0,0,0,0,0,NULL,NULL,NULL,NULL,0,NULL,NULL,NULL,0,0,0,0,0,0,0,0,0,NULL,NULL,NULL,0,0,NULL,0,NULL,NULL
12177,Passo Fundo,,1692714277,1694181750,20,3,0,0,0,0,2,2713.5000,2713.5000,NULL,17,9,10.5556,NULL,NULL,9,2,1,9,55,60,47,9,1,1.000000000,0.4615,0.1538,6,57,1.0000000000000,0,NULL,NULL
12178,Passo Fundo,,0,0,19612,19612,0,0,0,0,0,NULL,NULL,NULL,NULL,0,NULL,NULL,NULL,0,0,0,0,0,0,0,0,0,NULL,NULL,NULL,0,0,NULL,0,NULL,NULL
12179,Passo Fundo,,0,0,19612,19612,0,0,0,0,0,NULL,NULL,NULL,NULL,0,NULL,NULL,NULL,0,0,0,0,0,0,0,0,0,NULL,NULL,NULL,0,0,NULL,0,NULL,NULL
12180,Passo Fundo,,1692947641,1692949379,17,17,0,0,0,0,1,79.0000,79.0000,NULL,0,1,50.0000,NULL,NULL,1,0,1,0,36,43,1,0,0,1.000000000,NULL,NULL,1,62,1.0000000000000,0,NULL,NULL
12181,Passo Fundo,,0,0,19612,19612,0,0,0,0,0,NULL,NULL,NULL,NULL,0,NULL,NULL,NULL,0,0,0,0,0,0,0,0,0,NULL,NULL,NULL,0,0,NULL,0,NULL,NULL
12182,Passo Fundo,,0,0,19612,19612,0,0,0,0,0,NULL,NULL,NULL,NULL,0,NULL,NULL,NULL,0,0,0,0,0,0,0,0,0,NULL,NULL,NULL,0,0,NULL,0,NULL,NULL
12183,Passo Fundo,,0,0,19612,19612,0,0,0,0,0,NULL,NULL,NULL,NULL,0,NULL,NULL,NULL,0,0,0,0,0,0,0,0,0,NULL,NULL,NULL,0,0,NULL,0,NULL,NULL
12184,Passo Fundo,,0,0,19612,19612,0,0,0,0,0,NULL,NULL,NULL,NULL,0,NULL,NULL,NULL,0,0,0,0,0,0,0,0,0,NULL,NULL,NULL,0,0,NULL,0,NULL,NULL
12185,Passo Fundo,,0,0,19612,19612,0,0,0,0,0,NULL,NULL,NULL,NULL,0,NULL,NULL,NULL,0,0,0,0,0,0,0,0,0,NULL,NULL,NULL,0,0,NULL,0,NULL,NULL
12186,Passo Fundo,,1692907332,1692907332,18,18,0,0,0,0,0,NULL,NULL,NULL,0,1,9.0000,NULL,NULL,1,0,0,0,0,0,0,0,0,NULL,NULL,NULL,0,0,NULL,0,NULL,NULL
12187,Passo Fundo,,0,0,19612,19612,0,0,0,0,0,NULL,NULL,NULL,NULL,0,NULL,NULL,NULL,0,0,0,0,0,0,0,0,0,NULL,NULL,NULL,0,0,NULL,0,NULL,NULL
12188,Passo Fundo,,0,0,19612,19612,0,0,0,0,0,NULL,NULL,NULL,NULL,0,NULL,NULL,NULL,0,0,0,0,0,0,0,0,0,NULL,NULL,NULL,0,0,NULL,0,NULL,NULL
12189,Passo Fundo,,0,0,19612,19612,0,0,0,0,0,NULL,NULL,NULL,NULL,0,NULL,NULL,NULL,0,0,0,0,0,0,0,0,0,NULL,NULL,NULL,0,0,NULL,0,NULL,NULL
12190,Passo Fundo,,0,0,19612,19612,0,0,0,0,0,NULL,NULL,NULL,NULL,0,NULL,NULL,NULL,0,0,0,0,0,0,0,0,0,NULL,NULL,NULL,0,0,NULL,0,NULL,NULL
12191,Passo Fundo,,0,0,19612,19612,0,0,0,0,0,NULL,NULL,NULL,NULL,0,NULL,NULL,NULL,0,0,0,0,0,0,0,0,0,NULL,NULL,NULL,0,0,NULL,0,NULL,NULL
12192,Passo Fundo,,0,0,19612,19612,0,0,0,0,0,NULL,NULL,NULL,NULL,0,NULL,NULL,NULL,0,0,0,0,0,0,0,0,0,NULL,NULL,NULL,0,0,NULL,0,NULL,NULL
12193,Passo Fundo,,0,0,19612,19612,0,0,0,0,0,NULL,NULL,NULL,NULL,0,NULL,NULL,NULL,0,0,0,0,0,0,0,0,0,NULL,NULL,NULL,0,0,NULL,0,NULL,NULL
12194,Passo Fundo,,0,0,19612,19612,0,0,0,0,0,NULL,NULL,NULL,NULL,0,NULL,NULL,NULL,0,0,0,0,0,0,0,0,0,NULL,NULL,NULL,0,0,NULL,0,NULL,NULL
12195,Passo Fundo,,0,0,19612,19612,0,0,0,0,0,NULL,NULL,NULL,NULL,0,NULL,NULL,NULL,0,0,0,0,0,0,0,0,0,NULL,NULL,NULL,0,0,NULL,0,NULL,NULL
12196,Passo Fundo,,0,0,19612,19612,0,0,0,0,0,NULL,NULL,NULL,NULL,0,NULL,NULL,NULL,0,0,0,0,0,0,0,0,0,NULL,NULL,NULL,0,0,NULL,0,NULL,NULL
12197,Passo Fundo,,0,0,19612,19612,0,0,0,0,0,NULL,NULL,NULL,NULL,0,NULL,NULL,NULL,0,0,0,0,0,0,0,0,0,NULL,NULL,NULL,0,0,NULL,0,NULL,NULL
12198,Passo Fundo,,0,0,19612,19612,0,0,0,0,0,NULL,NULL,NULL,NULL,0,NULL,NULL,NULL,0,0,0,0,0,0,0,0,0,NULL,NULL,NULL,0,0,NULL,0,NULL,NULL
12199,Passo Fundo,,1692741631,1692743306,20,20,0,0,0,0,2,748.0000,748.0000,NULL,0,1,66.0000,NULL,NULL,1,0,1,0,48,58,44,12,0,1.000000000,NULL,NULL,1,62,1.0000000000000,0,NULL,NULL
12200,Passo Fundo,,0,0,19612,19612,0,0,0,0,0,NULL,NULL,NULL,NULL,0,NULL,NULL,NULL,0,0,0,0,0,0,0,0,0,NULL,NULL,NULL,0,0,NULL,0,NULL,NULL
12201,Passo Fundo,,0,0,19612,19612,0,0,0,0,0,NULL,NULL,NULL,NULL,0,NULL,NULL,NULL,0,0,0,0,0,0,0,0,0,NULL,NULL,NULL,0,0,NULL,0,NULL,NULL
12202,Passo Fundo,,0,0,19612,19612,0,0,0,0,0,NULL,NULL,NULL,NULL,0,NULL,NULL,NULL,0,0,0,0,0,0,0,0,0,NULL,NULL,NULL,0,0,NULL,0,NULL,NULL
12238,,,1692731621,1693211713,20,14,0,0,0,0,0,NULL,NULL,NULL,6,2,3.1429,NULL,NULL,2,0,1,0,3,0,0,0,0,NULL,NULL,NULL,0,0,NULL,0,NULL,NULL
12239,,,1692744355,1693998891,20,5,0,0,0,0,2,1033.5000,1033.5000,NULL,15,7,11.7500,NULL,NULL,7,1,2,1,43,58,40,16,0,1.000000000,1.6667,1.0000,5,58,1.0000000000000,0,NULL,NULL
12240,,,1692744534,1693928454,20,6,0,4,0,0,1,111.0000,111.0000,NULL,14,3,4.7333,NULL,NULL,3,1,2,1,34,44,1,0,0,1.000000000,NULL,NULL,1,62,1.0000000000000,0,NULL,NULL
12242,,,1692747175,1692747309,20,20,0,0,0,0,0,NULL,NULL,NULL,0,1,7.0000,NULL,NULL,1,0,0,0,0,0,0,0,0,NULL,NULL,NULL,0,0,NULL,0,NULL,NULL
12243,,,1692747844,1693240263,20,14,0,0,0,0,0,NULL,NULL,NULL,6,2,1.5714,NULL,NULL,2,1,0,1,0,0,0,0,0,NULL,NULL,NULL,0,0,NULL,0,NULL,NULL
12246,,,1692749050,1693265685,20,14,0,0,0,0,3,1463.6667,1463.6667,NULL,6,5,38.8571,NULL,NULL,5,4,4,19,112,60,53,6,0,1.000000000,3.6667,1.3333,11,52,1.0000000000000,0,NULL,NULL
12250,,,1692751795,1692818974,20,19,0,0,0,0,0,NULL,NULL,NULL,1,2,11.0000,NULL,NULL,2,0,1,0,5,0,0,0,0,NULL,NULL,NULL,0,0,NULL,0,NULL,NULL
12269,Passo Fundo,,0,0,19612,19612,0,0,0,0,0,NULL,NULL,NULL,NULL,0,NULL,NULL,NULL,0,0,0,0,0,0,0,0,0,NULL,NULL,NULL,0,0,NULL,0,NULL,NULL
12270,Passo Fundo,,0,0,19612,19612,0,0,0,0,0,NULL,NULL,NULL,NULL,0,NULL,NULL,NULL,0,0,0,0,0,0,0,0,0,NULL,NULL,NULL,0,0,NULL,0,NULL,NULL
12271,Passo Fundo,,0,0,19612,19612,0,0,0,0,0,NULL,NULL,NULL,NULL,0,NULL,NULL,NULL,0,0,0,0,0,0,0,0,0,NULL,NULL,NULL,0,0,NULL,0,NULL,NULL
12272,Passo Fundo,,1692821395,1692905369,19,18,0,0,0,0,0,NULL,NULL,NULL,1,2,9.5000,NULL,NULL,2,1,1,1,3,0,0,0,0,NULL,NULL,NULL,0,0,NULL,0,NULL,NULL
12273,Passo Fundo,,0,0,19612,19612,0,0,0,0,0,NULL,NULL,NULL,NULL,0,NULL,NULL,NULL,0,0,0,0,0,0,0,0,0,NULL,NULL,NULL,0,0,NULL,0,NULL,NULL
12274,Passo Fundo,,0,0,19612,19612,0,0,0,0,0,NULL,NULL,NULL,NULL,0,NULL,NULL,NULL,0,0,0,0,0,0,0,0,0,NULL,NULL,NULL,0,0,NULL,0,NULL,NULL
12275,Passo Fundo,,1693102380,1693107145,16,15,0,0,0,0,2,2054.0000,2054.0000,NULL,1,2,34.5000,NULL,NULL,2,1,2,1,49,56,44,9,1,1.000000000,NULL,NULL,1,62,1.0000000000000,0,NULL,NULL
12276,Passo Fundo,,0,0,19612,19612,0,0,0,0,0,NULL,NULL,NULL,NULL,0,NULL,NULL,NULL,0,0,0,0,0,0,0,0,0,NULL,NULL,NULL,0,0,NULL,0,NULL,NULL
12277,Passo Fundo,,0,0,19612,19612,0,0,0,0,0,NULL,NULL,NULL,NULL,0,NULL,NULL,NULL,0,0,0,0,0,0,0,0,0,NULL,NULL,NULL,0,0,NULL,0,NULL,NULL
12278,Passo Fundo,,1692820151,1692886559,19,18,0,0,0,0,1,49.0000,49.0000,NULL,1,2,28.0000,NULL,NULL,2,0,2,0,31,39,1,0,0,1.000000000,NULL,NULL,1,62,1.0000000000000,0,NULL,NULL
12279,Passo Fundo,,0,0,19612,19612,0,0,0,0,0,NULL,NULL,NULL,NULL,0,NULL,NULL,NULL,0,0,0,0,0,0,0,0,0,NULL,NULL,NULL,0,0,NULL,0,NULL,NULL
12280,Passo Fundo,,1692908638,1694209784,18,3,0,0,0,0,2,46002.5000,46002.5000,NULL,15,7,14.3750,NULL,NULL,7,2,4,32,64,59,48,8,1,0.969230769,0.6667,0.5556,6,57,0.9666666666667,0,NULL,NULL
12281,Passo Fundo,,0,0,19612,19612,0,0,0,0,0,NULL,NULL,NULL,NULL,0,NULL,NULL,NULL,0,0,0,0,0,0,0,0,0,NULL,NULL,NULL,0,0,NULL,0,NULL,NULL
12282,Passo Fundo,,1693227920,1693228016,14,14,0,0,0,0,0,NULL,NULL,NULL,0,1,4.0000,NULL,NULL,1,0,0,0,0,0,0,0,0,NULL,NULL,NULL,0,0,NULL,0,NULL,NULL
12283,Passo Fundo,,0,0,19612,19612,0,0,0,0,0,NULL,NULL,NULL,NULL,0,NULL,NULL,NULL,0,0,0,0,0,0,0,0,0,NULL,NULL,NULL,0,0,NULL,0,NULL,NULL
12284,Passo Fundo,,1693259240,1694268965,14,2,0,0,0,0,2,839.0000,839.0000,NULL,12,5,11.5385,NULL,NULL,5,1,1,4,39,59,43,12,1,1.000000000,0.7273,0.3636,8,55,1.0000000000000,0,NULL,NULL
12285,Passo Fundo,,0,0,19612,19612,0,0,0,0,0,NULL,NULL,NULL,NULL,0,NULL,NULL,NULL,0,0,0,0,0,0,0,0,0,NULL,NULL,NULL,0,0,NULL,0,NULL,NULL
12286,Passo Fundo,,0,0,19612,19612,0,0,0,0,0,NULL,NULL,NULL,NULL,0,NULL,NULL,NULL,0,0,0,0,0,0,0,0,0,NULL,NULL,NULL,0,0,NULL,0,NULL,NULL
12287,Passo Fundo,,0,0,19612,19612,0,0,0,0,0,NULL,NULL,NULL,NULL,0,NULL,NULL,NULL,0,0,0,0,0,0,0,0,0,NULL,NULL,NULL,0,0,NULL,0,NULL,NULL
12288,Passo Fundo,,0,0,19612,19612,0,0,0,0,0,NULL,NULL,NULL,NULL,0,NULL,NULL,NULL,0,0,0,0,0,0,0,0,0,NULL,NULL,NULL,0,0,NULL,0,NULL,NULL
12289,Passo Fundo,,0,0,19612,19612,0,0,0,0,0,NULL,NULL,NULL,NULL,0,NULL,NULL,NULL,0,0,0,0,0,0,0,0,0,NULL,NULL,NULL,0,0,NULL,0,NULL,NULL
12290,Passo Fundo,,0,0,19612,19612,0,0,0,0,0,NULL,NULL,NULL,NULL,0,NULL,NULL,NULL,0,0,0,0,0,0,0,0,0,NULL,NULL,NULL,0,0,NULL,0,NULL,NULL
12291,Passo Fundo,,0,0,19612,19612,0,0,0,0,0,NULL,NULL,NULL,NULL,0,NULL,NULL,NULL,0,0,0,0,0,0,0,0,0,NULL,NULL,NULL,0,0,NULL,0,NULL,NULL
12292,Passo Fundo,,1693864920,1693877095,7,7,0,0,0,0,2,506.0000,506.0000,NULL,0,1,101.0000,NULL,NULL,1,0,1,0,76,51,2,0,0,1.000000000,NULL,NULL,1,62,1.0000000000000,0,NULL,NULL
12293,Passo Fundo,,1693868082,1693868415,7,7,0,0,0,0,0,NULL,NULL,NULL,0,1,8.0000,NULL,NULL,1,0,0,0,0,0,0,0,0,NULL,NULL,NULL,0,0,NULL,0,NULL,NULL
12294,Passo Fundo,,0,0,19612,19612,0,0,0,0,0,NULL,NULL,NULL,NULL,0,NULL,NULL,NULL,0,0,0,0,0,0,0,0,0,NULL,NULL,NULL,0,0,NULL,0,NULL,NULL
12295,Passo Fundo,,0,0,19612,19612,0,0,0,0,0,NULL,NULL,NULL,NULL,0,NULL,NULL,NULL,0,0,0,0,0,0,0,0,0,NULL,NULL,NULL,0,0,NULL,0,NULL,NULL
12296,Passo Fundo,,1692902617,1692904385,18,18,0,0,0,0,1,18.0000,18.0000,NULL,0,1,58.0000,NULL,NULL,1,0,1,0,34,45,1,0,0,1.000000000,NULL,NULL,1,62,1.0000000000000,0,NULL,NULL
12297,Passo Fundo,,0,0,19612,19612,0,0,0,0,0,NULL,NULL,NULL,NULL,0,NULL,NULL,NULL,0,0,0,0,0,0,0,0,0,NULL,NULL,NULL,0,0,NULL,0,NULL,NULL
12405,Passo Fundo,,1693318917,1693321309,13,13,0,0,0,0,2,952.0000,952.0000,NULL,0,1,57.0000,NULL,NULL,1,0,1,0,46,59,51,4,1,1.000000000,NULL,NULL,1,62,1.0000000000000,0,NULL,NULL
12406,Passo Fundo,,1693436303,1694384873,12,1,0,0,0,0,2,1454.5000,1454.5000,NULL,11,2,5.3333,NULL,NULL,2,0,1,0,48,59,39,18,0,1.000000000,NULL,NULL,1,62,1.0000000000000,0,NULL,NULL
12407,Passo Fundo,,0,0,19612,19612,0,0,0,0,0,NULL,NULL,NULL,NULL,0,NULL,NULL,NULL,0,0,0,0,0,0,0,0,0,NULL,NULL,NULL,0,0,NULL,0,NULL,NULL
12408,Passo Fundo,,1693359554,1693359711,13,13,0,0,0,0,0,NULL,NULL,NULL,0,1,7.0000,NULL,NULL,1,0,0,0,0,0,0,0,0,NULL,NULL,NULL,0,0,NULL,0,NULL,NULL
12411,,,1693187526,1693187600,15,15,0,0,0,0,0,NULL,NULL,NULL,0,1,13.0000,NULL,NULL,1,0,0,0,0,0,0,0,0,NULL,NULL,NULL,0,0,NULL,0,NULL,NULL
12416,Passo Fundo,,0,0,19612,19612,0,0,0,0,0,NULL,NULL,NULL,NULL,0,NULL,NULL,NULL,0,0,0,0,0,0,0,0,0,NULL,NULL,NULL,0,0,NULL,0,NULL,NULL
12417,Passo Fundo,,0,0,19612,19612,0,0,0,0,0,NULL,NULL,NULL,NULL,0,NULL,NULL,NULL,0,0,0,0,0,0,0,0,0,NULL,NULL,NULL,0,0,NULL,0,NULL,NULL
12418,Passo Fundo,,0,0,19612,19612,0,0,0,0,0,NULL,NULL,NULL,NULL,0,NULL,NULL,NULL,0,0,0,0,0,0,0,0,0,NULL,NULL,NULL,0,0,NULL,0,NULL,NULL
12419,,,1693270861,1693932684,14,6,0,0,0,0,0,NULL,NULL,NULL,8,3,1.2222,NULL,NULL,3,0,0,0,0,0,0,0,0,NULL,NULL,NULL,0,0,NULL,0,NULL,NULL
12461,,,1693416630,1694454184,12,0,0,0,0,0,2,810.5000,810.5000,NULL,12,5,15.1538,NULL,NULL,5,2,1,9,42,59,50,5,1,0.954172174,2.2000,0.8000,11,52,0.9520890909091,0,NULL,NULL
12463,,,1693420067,1694043401,12,5,0,0,0,0,0,NULL,NULL,NULL,7,2,3.2500,NULL,NULL,2,0,1,0,14,0,1,0,0,NULL,NULL,NULL,0,0,NULL,0,NULL,NULL
12464,,,1693420750,1693464521,12,11,0,0,0,0,0,NULL,NULL,NULL,1,2,5.5000,NULL,NULL,2,0,0,0,0,0,0,0,0,NULL,NULL,NULL,0,0,NULL,0,NULL,NULL
12466,,,1693425901,1693426106,12,12,0,0,0,0,0,NULL,NULL,NULL,0,1,8.0000,NULL,NULL,1,0,0,0,0,0,0,0,0,NULL,NULL,NULL,0,0,NULL,0,NULL,NULL
12467,,,1693428019,1694470591,12,0,0,0,0,0,2,131278.5000,131278.5000,NULL,12,3,9.0769,NULL,NULL,3,1,2,11,49,58,40,16,0,1.000000000,0.6667,0.6667,2,61,1.0000000000000,0,NULL,NULL
12468,,,1693428249,1693429510,12,12,0,0,0,0,0,NULL,NULL,NULL,0,1,19.0000,NULL,NULL,1,1,0,3,0,0,0,0,0,NULL,NULL,NULL,0,0,NULL,0,NULL,NULL
12469,,,1693428635,1693428635,12,12,0,0,0,0,0,NULL,NULL,NULL,0,1,3.0000,NULL,NULL,1,0,0,0,0,0,0,0,0,NULL,NULL,NULL,0,0,NULL,0,NULL,NULL
12470,,,1693431887,1693432170,12,12,0,0,0,0,0,NULL,NULL,NULL,0,1,12.0000,NULL,NULL,1,0,0,0,0,0,0,0,0,NULL,NULL,NULL,0,0,NULL,0,NULL,NULL
12471,,,1693432203,1694470430,12,0,0,0,0,0,1,235.0000,235.0000,NULL,12,3,4.6154,NULL,NULL,3,0,1,0,42,52,1,0,0,1.000000000,NULL,NULL,1,62,1.0000000000000,0,NULL,NULL
12472,,,1693436751,1694389323,12,1,0,0,0,0,2,1840.5000,1840.5000,NULL,11,4,9.1667,NULL,NULL,4,1,1,1,51,59,45,10,1,0.928571429,0.7500,0.7500,3,60,0.9166666666667,0,NULL,NULL
12474,,,1693439646,1693439789,12,12,0,0,0,0,0,NULL,NULL,NULL,0,1,3.0000,NULL,NULL,1,0,0,0,0,0,0,0,0,NULL,NULL,NULL,0,0,NULL,0,NULL,NULL
12475,,,1693441279,1693441279,12,12,0,0,0,0,0,NULL,NULL,NULL,0,1,3.0000,NULL,NULL,1,0,0,0,0,0,0,0,0,NULL,NULL,NULL,0,0,NULL,0,NULL,NULL
12476,,,1693441326,1693441609,12,12,0,0,0,0,0,NULL,NULL,NULL,0,1,7.0000,NULL,NULL,1,0,0,0,0,0,0,0,0,NULL,NULL,NULL,0,0,NULL,0,NULL,NULL
12480,,,1693486068,1693486068,11,11,0,0,0,0,0,NULL,NULL,NULL,0,1,4.0000,NULL,NULL,1,0,0,0,0,0,0,0,0,NULL,NULL,NULL,0,0,NULL,0,NULL,NULL
12481,Passo Fundo,,1694097360,1694466038,4,0,0,0,0,0,4,869.5000,869.5000,93.423423423,4,4,70.6000,NULL,NULL,4,3,2,18,115,64,55,5,1,0.991754286,5.2500,1.0000,21,42,0.9903800000000,6,NULL,6.0000
12482,Passo Fundo,,1693506617,1693850363,11,7,0,0,0,0,0,NULL,NULL,NULL,4,3,6.8000,NULL,NULL,3,1,1,1,4,0,0,0,0,NULL,NULL,NULL,0,0,NULL,0,NULL,NULL
12483,Passo Fundo,,0,0,19612,19612,0,0,0,0,0,NULL,NULL,NULL,NULL,0,NULL,NULL,NULL,0,0,0,0,0,0,0,0,0,NULL,NULL,NULL,0,0,NULL,0,NULL,NULL
12484,Passo Fundo,,0,0,19612,19612,0,0,0,0,0,NULL,NULL,NULL,NULL,0,NULL,NULL,NULL,0,0,0,0,0,0,0,0,0,NULL,NULL,NULL,0,0,NULL,0,NULL,NULL
12485,Passo Fundo,,0,0,19612,19612,0,0,0,0,0,NULL,NULL,NULL,NULL,0,NULL,NULL,NULL,0,0,0,0,0,0,0,0,0,NULL,NULL,NULL,0,0,NULL,0,NULL,NULL
12486,Passo Fundo,,0,0,19612,19612,0,0,0,0,0,NULL,NULL,NULL,NULL,0,NULL,NULL,NULL,0,0,0,0,0,0,0,0,0,NULL,NULL,NULL,0,0,NULL,0,NULL,NULL
12487,Passo Fundo,,0,0,19612,19612,0,0,0,0,0,NULL,NULL,NULL,NULL,0,NULL,NULL,NULL,0,0,0,0,0,0,0,0,0,NULL,NULL,NULL,0,0,NULL,0,NULL,NULL
12488,Passo Fundo,,1693602276,1693602276,10,10,0,0,0,0,0,NULL,NULL,NULL,0,1,5.0000,NULL,NULL,1,0,0,0,0,0,0,0,0,NULL,NULL,NULL,0,0,NULL,0,NULL,NULL
12489,Passo Fundo,,0,0,19612,19612,0,0,0,0,0,NULL,NULL,NULL,NULL,0,NULL,NULL,NULL,0,0,0,0,0,0,0,0,0,NULL,NULL,NULL,0,0,NULL,0,NULL,NULL
12490,Passo Fundo,,0,0,19612,19612,0,0,0,0,0,NULL,NULL,NULL,NULL,0,NULL,NULL,NULL,0,0,0,0,0,0,0,0,0,NULL,NULL,NULL,0,0,NULL,0,NULL,NULL
12491,Passo Fundo,,1694049392,1694049653,5,5,0,0,0,0,0,NULL,NULL,NULL,0,1,8.0000,NULL,NULL,1,0,0,0,0,0,0,0,0,NULL,NULL,NULL,0,0,NULL,0,NULL,NULL
12492,Passo Fundo,,1693512477,1693706841,11,9,0,0,0,0,4,25653.5000,25653.5000,NULL,2,3,114.3333,NULL,NULL,3,2,2,13,73,59,42,15,1,0.958528435,11.0000,2.0000,11,52,0.9566433636364,0,NULL,NULL
12493,Passo Fundo,,1693504613,1693505945,11,11,0,0,0,0,1,132.0000,132.0000,NULL,0,1,19.0000,NULL,NULL,1,0,1,0,9,0,1,0,0,1.000000000,NULL,NULL,1,62,1.0000000000000,0,NULL,NULL
12494,Passo Fundo,,0,0,19612,19612,0,0,0,0,0,NULL,NULL,NULL,NULL,0,NULL,NULL,NULL,0,0,0,0,0,0,0,0,0,NULL,NULL,NULL,0,0,NULL,0,NULL,NULL
12495,Passo Fundo,,1693801598,1694204669,7,3,0,0,0,0,2,1579.0000,1579.0000,NULL,4,2,20.6000,NULL,NULL,2,0,1,0,68,60,49,7,1,1.000000000,NULL,NULL,2,61,1.0000000000000,0,NULL,NULL
12496,Passo Fundo,,0,0,19612,19612,0,0,0,0,0,NULL,NULL,NULL,NULL,0,NULL,NULL,NULL,0,0,0,0,0,0,0,0,0,NULL,NULL,NULL,0,0,NULL,0,NULL,NULL
12497,Passo Fundo,,0,0,19612,19612,0,0,0,0,0,NULL,NULL,NULL,NULL,0,NULL,NULL,NULL,0,0,0,0,0,0,0,0,0,NULL,NULL,NULL,0,0,NULL,0,NULL,NULL
12498,Passo Fundo,,1693953769,1693954653,6,6,0,0,0,0,0,NULL,NULL,NULL,0,1,31.0000,NULL,NULL,1,0,0,0,0,0,0,0,0,NULL,NULL,NULL,0,0,NULL,0,NULL,NULL
12499,Passo Fundo,,1693578285,1694298462,10,2,0,0,0,0,3,1528.6667,1528.6667,NULL,8,6,27.5556,NULL,NULL,6,2,1,22,62,59,41,15,1,0.986014000,0.8571,0.5714,6,57,0.9848485000000,0,NULL,NULL
12500,Passo Fundo,,0,0,19612,19612,0,0,0,0,0,NULL,NULL,NULL,NULL,0,NULL,NULL,NULL,0,0,0,0,0,0,0,0,0,NULL,NULL,NULL,0,0,NULL,0,NULL,NULL
12501,Passo Fundo,,0,0,19612,19612,0,0,0,0,0,NULL,NULL,NULL,NULL,0,NULL,NULL,NULL,0,0,0,0,0,0,0,0,0,NULL,NULL,NULL,0,0,NULL,0,NULL,NULL
12502,Passo Fundo,,0,0,19612,19612,0,0,0,0,0,NULL,NULL,NULL,NULL,0,NULL,NULL,NULL,0,0,0,0,0,0,0,0,0,NULL,NULL,NULL,0,0,NULL,0,NULL,NULL
12503,Passo Fundo,,0,0,19612,19612,0,0,0,0,0,NULL,NULL,NULL,NULL,0,NULL,NULL,NULL,0,0,0,0,0,0,0,0,0,NULL,NULL,NULL,0,0,NULL,0,NULL,NULL
12504,Passo Fundo,,1693491000,1694213261,11,3,0,0,0,0,2,3548.5000,3548.5000,NULL,8,6,13.7778,NULL,NULL,6,1,2,2,64,58,45,9,1,0.920000000,0.5000,0.5000,2,61,0.9000000000000,0,NULL,NULL
12505,Passo Fundo,,0,0,19612,19612,0,0,0,0,0,NULL,NULL,NULL,NULL,0,NULL,NULL,NULL,0,0,0,0,0,0,0,0,0,NULL,NULL,NULL,0,0,NULL,0,NULL,NULL
12506,Passo Fundo,,1693504104,1694225099,11,3,0,0,0,0,2,1331.0000,1331.0000,NULL,8,4,13.2222,NULL,NULL,4,0,1,0,55,60,47,9,1,1.000000000,1.0000,0.7500,4,59,1.0000000000000,0,NULL,NULL
12507,Passo Fundo,,0,0,19612,19612,0,0,0,0,0,NULL,NULL,NULL,NULL,0,NULL,NULL,NULL,0,0,0,0,0,0,0,0,0,NULL,NULL,NULL,0,0,NULL,0,NULL,NULL
12508,Passo Fundo,,0,0,19612,19612,0,0,0,0,0,NULL,NULL,NULL,NULL,0,NULL,NULL,NULL,0,0,0,0,0,0,0,0,0,NULL,NULL,NULL,0,0,NULL,0,NULL,NULL
12509,Passo Fundo,,0,0,19612,19612,0,0,0,0,0,NULL,NULL,NULL,NULL,0,NULL,NULL,NULL,0,0,0,0,0,0,0,0,0,NULL,NULL,NULL,0,0,NULL,0,NULL,NULL
12510,Passo Fundo,,0,0,19612,19612,0,0,0,0,0,NULL,NULL,NULL,NULL,0,NULL,NULL,NULL,0,0,0,0,0,0,0,0,0,NULL,NULL,NULL,0,0,NULL,0,NULL,NULL
12511,Passo Fundo,,0,0,19612,19612,0,0,0,0,0,NULL,NULL,NULL,NULL,0,NULL,NULL,NULL,0,0,0,0,0,0,0,0,0,NULL,NULL,NULL,0,0,NULL,0,NULL,NULL
12512,Passo Fundo,,1693850228,1694006738,7,5,0,0,0,0,2,2173.0000,2173.0000,NULL,2,2,28.6667,NULL,NULL,2,1,1,1,55,57,44,9,1,1.000000000,1.0000,1.0000,2,61,1.0000000000000,0,NULL,NULL
12513,Passo Fundo,,0,0,19612,19612,0,0,0,0,0,NULL,NULL,NULL,NULL,0,NULL,NULL,NULL,0,0,0,0,0,0,0,0,0,NULL,NULL,NULL,0,0,NULL,0,NULL,NULL
12514,Passo Fundo,,0,0,19612,19612,0,0,0,0,0,NULL,NULL,NULL,NULL,0,NULL,NULL,NULL,0,0,0,0,0,0,0,0,0,NULL,NULL,NULL,0,0,NULL,0,NULL,NULL
12515,Passo Fundo,,0,0,19612,19612,0,0,0,0,0,NULL,NULL,NULL,NULL,0,NULL,NULL,NULL,0,0,0,0,0,0,0,0,0,NULL,NULL,NULL,0,0,NULL,0,NULL,NULL
12516,Passo Fundo,,0,0,19612,19612,0,0,0,0,0,NULL,NULL,NULL,NULL,0,NULL,NULL,NULL,0,0,0,0,0,0,0,0,0,NULL,NULL,NULL,0,0,NULL,0,NULL,NULL
12517,Passo Fundo,,1693614175,1693614241,10,10,0,0,0,0,0,NULL,NULL,NULL,0,1,6.0000,NULL,NULL,1,0,0,0,0,0,0,0,0,NULL,NULL,NULL,0,0,NULL,0,NULL,NULL
12518,Passo Fundo,,1693678662,1693913136,9,6,0,0,0,0,1,814.0000,814.0000,NULL,3,2,16.5000,NULL,NULL,2,1,1,1,48,36,1,0,0,1.000000000,NULL,NULL,1,62,1.0000000000000,0,NULL,NULL
12524,,,1693504171,1694378529,11,1,0,0,0,0,2,5258.0000,5258.0000,NULL,10,4,14.3636,NULL,NULL,4,2,1,5,87,58,44,10,1,1.000000000,NULL,NULL,1,62,1.0000000000000,0,NULL,NULL
12604,,,1693846260,1693851350,7,7,0,0,0,0,2,682.5000,682.5000,NULL,0,1,111.0000,NULL,NULL,1,0,1,0,52,20,19,1,0,0.985915493,NULL,NULL,8,15,0.9875000000000,0,NULL,NULL
12625,Passo Fundo,,0,0,19612,19612,0,0,0,0,0,NULL,NULL,NULL,NULL,0,NULL,NULL,NULL,0,0,0,0,0,0,0,0,0,NULL,NULL,NULL,0,0,NULL,0,NULL,NULL
12626,Passo Fundo,,0,0,19612,19612,0,0,0,0,0,NULL,NULL,NULL,NULL,0,NULL,NULL,NULL,0,0,0,0,0,0,0,0,0,NULL,NULL,NULL,0,0,NULL,0,NULL,NULL
12627,Passo Fundo,,1693918948,1694313897,6,2,0,0,0,0,2,14695.0000,14695.0000,NULL,4,4,31.0000,NULL,NULL,4,1,1,2,92,52,30,17,0,0.920000000,1.0000,1.0000,2,61,0.9000000000000,0,NULL,NULL
12628,Passo Fundo,,0,0,19612,19612,0,0,0,0,0,NULL,NULL,NULL,NULL,0,NULL,NULL,NULL,0,0,0,0,0,0,0,0,0,NULL,NULL,NULL,0,0,NULL,0,NULL,NULL
12629,Passo Fundo,,0,0,19612,19612,0,0,0,0,0,NULL,NULL,NULL,NULL,0,NULL,NULL,NULL,0,0,0,0,0,0,0,0,0,NULL,NULL,NULL,0,0,NULL,0,NULL,NULL
12630,Passo Fundo,,1693917949,1694471124,6,0,0,0,0,0,0,NULL,NULL,NULL,6,2,0.8571,NULL,NULL,2,0,0,0,0,0,0,0,0,NULL,NULL,NULL,0,0,NULL,0,NULL,NULL
12631,Passo Fundo,,0,0,19612,19612,0,0,0,0,0,NULL,NULL,NULL,NULL,0,NULL,NULL,NULL,0,0,0,0,0,0,0,0,0,NULL,NULL,NULL,0,0,NULL,0,NULL,NULL
12632,Passo Fundo,,0,0,19612,19612,0,0,0,0,0,NULL,NULL,NULL,NULL,0,NULL,NULL,NULL,0,0,0,0,0,0,0,0,0,NULL,NULL,NULL,0,0,NULL,0,NULL,NULL
12633,Passo Fundo,,0,0,19612,19612,0,0,0,0,0,NULL,NULL,NULL,NULL,0,NULL,NULL,NULL,0,0,0,0,0,0,0,0,0,NULL,NULL,NULL,0,0,NULL,0,NULL,NULL
12634,Passo Fundo,,0,0,19612,19612,0,0,0,0,0,NULL,NULL,NULL,NULL,0,NULL,NULL,NULL,0,0,0,0,0,0,0,0,0,NULL,NULL,NULL,0,0,NULL,0,NULL,NULL
12635,Passo Fundo,,0,0,19612,19612,0,0,0,0,0,NULL,NULL,NULL,NULL,0,NULL,NULL,NULL,0,0,0,0,0,0,0,0,0,NULL,NULL,NULL,0,0,NULL,0,NULL,NULL
12636,Passo Fundo,,0,0,19612,19612,0,0,0,0,0,NULL,NULL,NULL,NULL,0,NULL,NULL,NULL,0,0,0,0,0,0,0,0,0,NULL,NULL,NULL,0,0,NULL,0,NULL,NULL
12637,Passo Fundo,,1694047451,1694051893,5,5,0,0,0,0,1,765.0000,765.0000,NULL,2,2,25.3333,NULL,NULL,2,0,1,0,48,19,1,0,0,1.000000000,NULL,NULL,1,62,1.0000000000000,0,NULL,NULL
12638,Passo Fundo,,0,0,19612,19612,0,0,0,0,0,NULL,NULL,NULL,NULL,0,NULL,NULL,NULL,0,0,0,0,0,0,0,0,0,NULL,NULL,NULL,0,0,NULL,0,NULL,NULL
12639,Passo Fundo,,0,0,19612,19612,0,0,0,0,0,NULL,NULL,NULL,NULL,0,NULL,NULL,NULL,0,0,0,0,0,0,0,0,0,NULL,NULL,NULL,0,0,NULL,0,NULL,NULL
12640,Passo Fundo,,0,0,19612,19612,0,0,0,0,0,NULL,NULL,NULL,NULL,0,NULL,NULL,NULL,0,0,0,0,0,0,0,0,0,NULL,NULL,NULL,0,0,NULL,0,NULL,NULL
